Workbook

Sheet MAIO
A1: MAIO
A2: DATA DA TRANS. | B2: VIGÊNCIA | C2: SEGURADO | D2: QNT. DE PARCELAS | E2: SEGURADORA | F2: % COMISSÃO | G2: VALOR DA COMISSÃO
A3: 41758 | B3: 42123 | C3: ADILSON VENCESLAU | D3: 10X | E3: AZUL | F3: 0.1 | G3: 138.67
A4: 41759 | B4: 42126 | C4: HUMBERTO ANTONIO BARONI | D4: 10X | E4: MARITIMA | F4: 0.1 | G4: 107.25
A5: 41764 | B5: 40308 | C5: BRUNO FELLIPE DA CRUZ | D5: 4X | E5: BRADESCO | F5: 0.1 | G5: 158.58
A6: 41765 | B6: 42130 | C6: ERIKA GOMES DE LIMA | D6: 10X | E6: MITSUI | F6: 0.1 | G6: 174.42
A7: 41766 | B7: 42131 | C7: CRYSTIAN FELIX | D7: 10X | E7: TOKIO | F7: 0.25 | G7: 572.21
A8: 41767 | B8: 42133 | C8: MARCOS JOSE DA SILVA | D8: 5X | E8: PORTO | F8: 0.1 | G8: 102.12
A9: 41772 | B9: 42136 | C9: MARIA DE LOURDES LIMA DOS SANTOS | D9: 10X | E9: AZUL | F9: 0.1 | G9: 187.43
A10: 41773 | B10: 42138 | C10: FERNANDO ANTONIO DE OLIVEIRA | D10: 1X | E10: PORTO | F10: 0.2 | G10: 891.89
A11: 41774 | B11: 42145 | C11: EMERSON AMARINHO DE ARAÚJO | D11: 4X | E11: AZUL | F11: 0.1 | G11: 141.31
A12: 41775 | B12: 42137 | C12: HUGO LIMA | D12: 5X | E12: PORTO | F12: 0.18 | G12: 173.75
A13: 41775 | B13: 42144 | C13: AILSON PONTES DA SILVA | D13: 4X | E13: HDI | F13: 0.1 | G13: 285.34
A14: 41779 | B14: 42151 | C14: MARIZA DIAS AYRES MACHADO | D14: 4X | E14: AZUL | F14: 0.15 | G14: 202.6
... A21: 41788 | B21: 42153 | C21: REINALDO NONATO DA SILVA | D21: 1X | E21: HDI | F21: 0.2 | G21: 240.61
A24: VALOR TOTAL: | G24: =SUM(G3:G23) -> 4581.58

Sheet JUNHO
A1: JUNHO
A2: DATA DA TRANS. | B2: VIGÊNCIA | C2: SEGURADO | D2: QNT. DE PARCELAS | E2: SEGURADORA | F2: % COMISSÃO | G2: VALOR DA COMISSÃO
A3: 41794 | B3: 42159 | C3: WILSON DE SOUZA | D3: 1X | E3: MITSUI | F3: 0.15 | G3: 190.13
A4: 41794 | B4: 42159 | C4: JOSE ADENOR DA SILVA | D4: 10X | E4: MITSUI | F4: 0.11 | G4: 134.27
A5: 41795 | B5: 42157 | C5: PAULA REGINA BOTARO | D5: 4X | E5: AZUL | F5: 0.1 | G5: 203.93
A6: 41795 | B6: 42160 | C6: MARCIO ANDRE ALVES DOS SANTOS | D6: 10X | E6: LIBERTY | F6: 0.1 | G6: 265.2
A7: 41796 | B7: 42167 | C7: JOSE GERALDO DE MOREIRA | D7: 4X | E7: AZUL | F7: 0.19 | G7: 245.04
A8: 41801 | B8: 42168 | C8: GESIMARA DA COSTA MENDES | D8: 7X | E8: MITSUI | F8: 0.1 | G8: 113.87
A9: 41801 | B9: 42169 | C9: EMMANUEL MARTINS DE ALBUQUERQUE | D9: 1X | E9: TOKIO | F9: 0.1 | G9: 97.06
A10: 41801 | B10: 42167 | C10: GABRIELA GONÇALVES BRITO | D10: 4X | E10: AZUL | F10: 0.1 | G10: 81.65
A11: 41802 | B11: 42169 | C11: KELLY CRISTINA ACACIO VICENTE | D11: 4X | E11: BRADESCO | F11: 0.13 | G11: 149.71
A12: 41806 | B12: 42172 | C12: PAULO ALEXANDRE DA COSTA | D12: 10 | E12: MITSUI | F12: 0.1 | G12: 84.83
A13: 41807 | B13: 41808 | C13: ERICA MARIA GOMES DE LIMA | D13: 10X | E13: MITSUI | F13: 0.1 | G13: 203.54
A14: 41808 | B14: 41813 | C14: RYNALDO EDISON LEONARDO MARTINS ZAMAI | D14: 4X | E14: AZUL | F14: 0.15 | G14: 167.05
B15: 41814 | C15: THAIS DE FREITAS DOS SANTOS | D15: 4X | E15: AZUL | F15: 0.1 | G15: 98.99
B16: 41815 | C16: MICHELLE DOS SANTOS | D16: 5X | E16: SUL AMÉRICA | F16: 0.1 | G16: 150.46
B17: 41812 | C17: VALDEMAR DE SOUZA DA SILVA | D17: 10X | E17: MARÍTIMA | F17: 0.1 | G17: 82.02
B18: 41814 | C18: NELSON NUNES DA SILVA FILHO | D18: 6X | E18: TOKIO | F18: 0.1 | G18: 132.6
B19: 41810 | C19: GLEDISON DE PAULA BARBARA | D19: 4X | E19: AZUL | F19: 0.1 | G19: 108.87
B20: 41810 | C20: CARLOS LOPES REY | D20: 4X | E20: AZUL | F20: 0.25 | G20: 175.66
B21: 41803 | C21: FERNANDA MARTINS | D21: 10X | E21: MITSUI | F21: 0.1 | G21: 183.07
A23: VALOR TOTAL: | G23: =SUM(G3:G22) -> 2867.95

Sheet JULHO
A1: JULHO
A2: DATA DA TRANS. | B2: VIGÊNCIA | C2: SEGURADO | D2: QNT. DE PARCELAS | E2: SEGURADORA | F2: % COMISSÃO | G2: VALOR DA COMISSÃO
B3: 41822 | C3: FRANCISCO WESLEY ALVES ALMEIDA RUFINO | D3: 5X | E3: PORTO | F3: 0.25 | G3: 398.07
B4: 41822 | C4: JOSE ALVES ROCHA | D4: 4X | E4: AZUL | F4: 0.1 | G4: 100.23
B5: 41822 | C5: RENATO DE JESUS LINS | D5: 4X | E5: AZUL | F5: 0.1 | G5: 177.15
B6: 41825 | C6: FERNANDO SERGIO VIANA MACHADO | D6: 3X | E6: PORTO | F6: 0.25 | G6: 636.79
B7: 41823 | C7: MARIA GRAZIELA PEREIRA MELCHIOR VILLAR | D7: 4X | E7: LIBERTY | F7: 0.1 | G7: 225.65
B8: 41823 | C8: SUELI APARECIDA JORGE DE AZEVEDO | D8: 10X | E8: AZUL | F8: 0.1 | G8: 110.43
B9: 41828 | C9: CLAUDIA REGINA DIAS | D9: 4X | E9: PORTO | F9: 0.25 | G9: 220.77
C10: MARISA DIAS AYRES MACHADO | D10: 5X | E10: SUL AMERICA | F10: 0.15 | G10: 181.89
B11: 41830 | C11: LUCI GRUNOV | D11: 4X | E11: PORTO | F11: 0.2 | G11: 115.33
B12: 41827 | C12: ANSELMO DOS SANTOS UGARTE | D12: 4X | E12: AZUL | F12: 0.1 | G12: 118.53
B13: 41830 | C13: SEGMAX TECNOLOGIA EM ARGAMASSAS | D13: 7X | E13: HDI | F13: 0.25 | G13: 326
B14: 41830 | C14: RAIMUNDO NONATO NUNES | D14: 10X | E14: MITSUI | F14: 0.1735 | G14: 266.42
B15: 41835 | C15: ANGELO MARCIO ALVES NEVEZ | D15: 4X | E15: AZUL | F15: 0.1 | G15: 122.66
B16: 41839 | C16: NEUSA APARECIDA DE ARAUJO | D16: 5X | E16: SUL AMERICA | F16: 0.15 | G16: 347.21
B17: 41835 | C17: STARPACK | D17: 4X | E17: CHUBB | F17: 0.2 | G17: 377.56
B18: 41831 | C18: SERGIO RODRIGO BUENO | D18: 10X | E18: AZUL | F18: 0.1 | G18: 118.56
B19: 41844 | C19: IZAIAS MENDES DA SILVA | D19: 10X | E19: MITSUI | F19: 0.1 | G19: 71.28
B20: 41845 | C20: EDIVALDO PEREIRA DA SILVA | D20: 6X | E20: TOKIO | F20: 0.1 | G20: 111.16
B21: 41842 | C21: RAFAEL CUNHA DO NASCIMENTO | D21: 4X | E21: PORTO | F21: 0.15 | G21: 132.79
B22: 41842 | C22: FELIPE PENDEK | D22: 4X | E22: PORTO | F22: 0.1 | G22: 218.54
... B25: 41848 | C25: DALMO DE CARVALHO PONCIANO | D25: 4X | E25: TOKIO | F25: 0.1 | G25: 68.43
A26: VALOR TOTAL: | G26: =SUM(G3:G25) -> 4890.87

Sheet AGOSTO
A1: AGOSTO
A2: DATA DA TRANS. | B2: VIGÊNCIA | C2: SEGURADO | D2: QNT. DE PARCELAS | E2: SEGURADORA | F2: % COMISSÃO | G2: VALOR DA COMISSÃO | H2: COMISSÃO CORRETOR PREPOSTO
B3: 41860 | C3: PEDRO PAULO FARIA | D3: 4X | E3: MARÍTIMA | F3: 0.1 | G3: 83.97
B4: 41861 | C4: ALEXANDRE GOMIDE DE CASTRO | D4: 4X | E4: BRADESCO | F4: 0.1 | G4: 140.62
B5: 41863 | C5: GILBERTO ANDERRSON BRAZ | D5: 6X | E5: TOKIO | F5: 0.1 | G5: 142.39
B6: 41866 | C6: MAURICI AZEVEDO DO NASCIMENTO | D6: 5X | E6: PORTO | F6: 0.1 | G6: 204.36
B7: 41863 | C7: EVERALDO ALVES MAJOR | D7: 6X | E7: TOKIO | F7: 0.1 | G7: 159.9 | H7: 79.95 | I7: Mauro
B8: 41866 | C8: VALDEMIR SILVA ALMEIDA | D8: 10X | E8: MARÍTIMA | F8: 0.2 | G8: 211.12
B9: 41867 | C9: GEORGE ELIAS FERREIRA DA SILVA | D9: 2x | E9: HDI | F9: 0.1 | G9: 178.93
B10: 41871 | C10: MARCO AURELIO DA SILVA | D10: 10X | E10: AZUL | F10: 0.25 | G10: 289
B12: 41871 | C12: JOAO JUSTINO DOS SANTOS | D12: 6X | E12: TOKIO | F12: 0.1 | G12: 125.45
B13: 41873 | C13: MAURICIO MAURO MACHADO | D13: 4X | E13: AZUL | F13: 0.1 | G13: 135.89
B14: 41874 | C14: LEANDRO DE ALMEIDA CRISPIM ME | D14: 6X | E14: TOKIO | F14: 0.1 | G14: 204.53
B15: 41876 | C15: ROBERTA PRISCILA DA SILVA MATIAS | D15: 6X | E15: TOKIO | F15: 0.1 | G15: 72.22
B16: 41877 | C16: AQUINO IMOVEIS | D16: 4X | E16: AZUL | F16: 0.1 | G16: 99.45
B17: 41875 | C17: ADALBERTO SANTOS DE OLIVEIRA | D17: 10X | E17: PORTO | F17: 0.2 | G17: 374.4
B18: 41866 | C18: JEFFERSON D AMBROSIO DA CONCEI | D18: 11X | E18: PORTO | F18: 0.1 | G18: 163.08
B19: 41879 | C19: LUCIANO DA SILVA SENA | D19: 5X | E19: PORTO | F19: 0.25 | G19: 370.03
B20: 41880 | C20: DACIO LUIS DE CASTRO MENDES | D20: 7X | E20: HDI | F20: 0.15 | G20: 176.28
... B22: 41880 | C22: FRANCISCO ELEOTORIO CHAGAS JR | D22: 4X | E22: AZUL | F22: 0.15 | G22: 306.87
A24: VALOR TOTAL: | G24: =SUM(G3:G23) -> 3543.16

Sheet SETEMBRO
A1: SETEMBRO | H1: Preposto
A2: DATA DA TRANS. | B2: VIGÊNCIA | C2: SEGURADO | D2: QNT. DE PARCELAS | E2: SEGURADORA | F2: % COMISSÃO | G2: VALOR DA COMISSÃO
B3: 41885 | C3: LUCIENE TEREZA DA SILVA | D3: 5X | E3: AZUL | F3: 0.1 | G3: 123.55
B4: 41886 | C4: JEFFERSON RODRIGUES | D4: 4X | E4: BRADESCO | F4: 0.15 | G4: 291.13
B5: 41892 | C5: MICHELLE DOS SANTOS | D5: 4X | E5: HDI | F5: 0.1 | G5: 228.55
B6: 41891 | C6: CLEBER EDSON BANDEIRA | D6: 5X | E6: PORTO | F6: 0.25 | G6: 336.18
B7: 41892 | C7: SEGMAX TECNOLOGIA EM ARGAMASSAS | D7: 4X | E7: BRADESCO | F7: 0.15 | G7: 208.21
B8: 41901 | C8: GILBERTO RODRIGUES MAGUETA | D8: 4X | E8: MARÍTIMA | F8: 0.22 | G8: 198.72
B9: 41899 | C9: AKISHIDE YAMASHITA | D9: 1X | E9: PORTO | F9: 0.2 | G9: 222.26
B10: 41897 | C10: ALBA CELIA SOARES MOTA | D10: 10X | E10: SUL AMÉRICA | F10: 0.15 | G10: 197.47
B11: 41897 | C11: ADJAILSON PONTES DA SILVA | D11: 4X | E11: BRADESCO | F11: 0.1 | G11: 236.83
B12: 41895 | C12: LUCIANO DE LIMA ARAUJO | D12: 4X | E12: AZUL | F12: 0.1 | G12: 101.45
B13: 41898 | C13: JOSÉ MILTON REIS | D13: 1X | E13: MITSUI | F13: 0.2 | G13: 256.91
B14: 41900 | C14: REGINA CRISTINA LEITE PEREIRA | D14: 5X | E14: SUL AMÉRICA | F14: 0.1 | G14: 82.24
... B23: 41912 | C23: THAIS FERRE FAILLA | D23: 4X | E23: AZUL | F23: 0.1 | G23: 106.17
B24: 41911 | C24: RAPHAEL TREPICHIO | D24: 10X | E24: MITSUI | F24: 0.1 | G24: 135.95 | H24: Mauro
A25: VALOR TOTAL: | G25: =SUM(G3:G24) -> 4178.36

Sheet OUTUBRO
A1: OUTUBRO
A2: DATA DA TRANS. | B2: VIGÊNCIA | C2: SEGURADO | D2: QNT. DE PARCELAS | E2: SEGURADORA | F2: % COMISSÃO | G2: VALOR DA COMISSÃO
B3: 41917 | C3: SUEMARY LOPES DE BARROS | D3: 4X | E3: AZUL | F3: 0.1 | G3: 111
B4: 41923 | C4: JOSE DERNIVAL SANTOS FILHO | D4: 10X | E4: BRADESCO | F4: 0.1 | G4: 142.96
B5: 41924 | C5: MARCOS LEANDRO DA SILVA | D5: 6X | E5: TOKIO | F5: 0.2 | G5: 215.49
B6: 41926 | C6: JULIANA MAITAN BITTENCOURT | D6: 4X | E6: PORTO | F6: 0.1 | G6: 144.89
B7: 41922 | C7: LUCIANO DE OLIVEIRA MACEDO | D7: 6X | E7: MAPFRE | F7: 0.1 | G7: 188.53
B8: 41922 | C8: MARLUCE SANTOS MARTINS | D8: 6X | E8: TOKIO | F8: 0.1 | G8: 138.56
B9: 41923 | C9: ALEX GONÇALVES DE ANDRADE | D9: 4X | E9: AZUL | F9: 0.15 | G9: 224.94
B10: 41927 | C10: RICARDO JOSE DE VASCONCELOS | D10: 4X | E10: AZUL | F10: 0.1 | G10: 173.56
B11: 41932 | C11: PRISCILA MINGHETTI PERRUD | D11: 5X | E11: PORTO | F11: 0.1 | G11: 154.95
B12: 41913 | C12: FRANCISCO DAS CHAGAS F. DE LIMA | D12: 2X | E12: LIBERTY | F12: 0.1 | G12: 575.77
B13: 41938 | C13: WALTER PEREIRA DE ALMEIDA | D13: 10X | E13: AZUL | F13: 0.1 | G13: 83.16
B14: 41939 | C14: LUCIANO DA SILVA SENA | D14: 4X | E14: BRADESCO | F14: 0.1 | G14: 220.05
... B19: 41943 | C19: EDILENE ROSA DE ARAUJO | D19: 5X | E19: SUL AMÉRICA | F19: 0.1 | G19: 112.77
A24: VALOR TOTAL: | G24: =SUM(G3:G23) -> 3272.36

Sheet NOVEMBRO
A1: NOVEMBRO
A2: DATA DA TRANS. | B2: VIGÊNCIA | C2: SEGURADO | D2: QNT. DE PARCELAS | E2: SEGURADORA | F2: % COMISSÃO | G2: VALOR DA COMISSÃO | H2: PREPOSTO/ COMISSÕES
B3: 41946 | C3: LUANA DE CAIRES COELHO | D3: 4X | E3: HDI | F3: 17.50% | G3: 181.33
B4: 41946 | C4: JORGE LUIS MONTE DA SILVA | D4: 10X | E4: TOKIO | F4: 0.1 | G4: 118.64
B5: 41959 | C5: TARCISIO ANTONIO VALENTIM | D5: 1X | E5: PORTO | F5: 0.1 | G5: 128.37
B6: 41948 | C6: FERNANDA GONZALES DE LIMA | D6: 6X | E6: AZUL | F6: 0.15 | G6: 165.34
B7: 41949 | C7: PATRICIA DE ARAUJO NUNES | D7: 10X | E7: AZUL | F7: 0.15 | G7: 207.7
B8: 41954 | C8: ADEMIR CYRINO GARCIA | D8: 4X | E8: AZUL | F8: 0.2 | G8: 227.86
B9: 41950 | C9: ROSANA ARAKAKI GUIMARAES | D9: 5X | E9: PORTO | F9: 0.1 | G9: 295.32
B10: 41955 | C10: SEBASTIÃO MARCIO CAPELLO | D10: 4X | E10: AZUL | F10: 0.1 | G10: 92.87
B11: 41962 | C11: LUCIENE APARECIDA PANSARIN | D11: 4X | E11: AZUL | F11: 0.25 | G11: 217.83
B12: 41959 | C12: SEVERINO BERNARDO DA SILVA | D12: 4X | E12: MARITIMA | F12: 0.2 | G12: 169.66
B13: 41966 | C13: ADEMIR ROCHA GARCIA | D13: 7X | E13: AZUL | F13: 0.1 | G13: 140.66
B14: 41959 | C14: ROSEMEIRE PASSERE | D14: 10X | E14: AZUL | F14: 0.1 | G14: 144.2
B15: 41953 | C15: ALEX SANDRO BRAGARO | D15: 7X | E15: MITSUI | F15: 0.1 | G15: 125
B16: 41962 | C16: JOSE AUGUSTO GALAN | D16: 2X | E16: AZUL | F16: 0.2 | G16: 203.55
B17: 41969 | C17: ALEXANDRE GARCIA DA PAIXÃO | D17: 4X | E17: BRADESCO | F17: 0.1 | G17: 157.83 | H17: Mauro - R$ 78,91 - Pago
B18: 41965 | C18: FLAVIA RUBIA DE PAULA | D18: 4X | E18: AZUL | F18: 0.1 | G18: 137.71
B19: 41968 | C19: ESTANISLAU SEVERINO DE ARRUDA JUNIOR | D19: 5X | E19: SUL AMÉRICA | F19: 0.1 | G19: 101.56
B20: 41964 | C20: GILBERTO BRITO DA SILVA | D20: 4X | E20: MITSUI | F20: 0.1 | G20: 227.17
B21: 41971 | C21: ANDERSON SILVEIRO | D21: 10X | E21: MITSUI | F21: 0.1 | G21: 170.61
B22: 41968 | C22: ENOQUE RAIMUNDO DE OLIVEIRA | D22: 4X | E22: MARITIMA | F22: 0.1 | G22: 90.99
B23: 41971 | C23: VANESSA SALLUM CUNHA | D23: 1X | E23: MITSUI | F23: 0.1 | G23: 191.05 | H23: Mauro - R$ 95,52 Pago
B24: 41972 | C24: VANESSA DE CASTRO MENDES | D24: 4X | E24: BRADESCO | F24: 0.1 | G24: 125.44
A25: VALOR TOTAL: | G25: =SUM(G3:G24) -> 3620.69

Sheet DEZEMBRO
A1: DEZEMBRO | H1: PREPOSTOS
A2: DATA DA TRANS. | B2: VIGÊNCIA | C2: SEGURADO | D2: QNT. DE PARCELAS | E2: SEGURADORA | F2: % COMISSÃO | G2: VALOR DA COMISSÃO | H2: Prepostos/ Comissões
B3: 41974 | C3: ELISEU ALENCAR SANTIAGO | D3: 4X | E3: AZUL | F3: 0.15 | G3: 296.35 | H3: Vinicius/ 148,17 - Pago
B4: 41976 | C4: ALEXANDRA SEREICIKAS | D4: 4X | E4: HDI | F4: 0.25 | G4: 233.87
B5: 41977 | C5: DANIELA AVELINO CUNHA ANDRADE | D5: 4X | E5: HDI | F5: 0.2 | G5: 280.06
B6: 41975 | C6: ORLANDO BERNARDES FAUSTINO | D6: 4X | E6: PORTO | F6: 0.25 | G6: 262.7
B7: 41979 | C7: LUZIA BARBOSA | D7: 4X | E7: MARITIMA | F7: 0.1 | G7: 155.5
B8: 41982 | C8: ROBERTA PEREIRA DA PURIFICAÇÃO | D8: 4X | E8: HDI | F8: 0.1 | G8: 84.97 | H8: Mauro/ 42,48 - Pago
B9: 41984 | C9: LEANDRO CUNHA DE VASCONCELOS | D9: 10X | E9: MITSUI | F9: 0.1 | G9: 180.72 | H9: Mauro/ 90,36
B10: 41985 | C10: MARCELO PAULO DE OLIVEIRA | D10: 7X | E10: MITSUI | F10: 0.15 | G10: 328.27
B11: 41990 | C11: ADRIANO LOPES SANTOS | D11: 8X | E11: AZUL | F11: 0.14 | G11: 184.94 | H11: Mauro - 92,47
B12: 41987 | C12: ESTANISLAU SEVERINO DE ARRUDA JUNIOR | D12: 7X | E12: AZUL | F12: 0.1 | G12: 87.76
B13: 41987 | C13: TEGNUS FRANCISCUS LAMAS | D13: 7X | E13: MITSUI | F13: 0.17 | G13: 254.14
B14: 41982 | C14: ANA MARIA SOTERO | D14: 10X | E14: AZUL | F14: 0.1 | G14: 139.77
B15: 41989 | C15: ALAOR GONÇALVES DIAS | D15: 5X | E15: PORTO | F15: 0.1 | G15: 133.83
B16: 41990 | C16: ALEXANDRE ALFREDO LAMEIRÃO | D16: 4X | E16: AZUL | F16: 0.15 | G16: 191.25
B17: 41993 | C17: PAULO RAIMUNDO BAUEB | D17: 1X | E17: AZUL | F17: 0.1 | G17: 89.87
B18: 41996 | C18: SUELI GOMES DA SILVA JURAS | D18: 4X | E18: SUL AMÉRICA | F18: 0.1 | G18: 95.37
B19: 41996 | C19: ERICK DOMINGOS PELINSON QUIRINO | D19: 1X | E19: PORTO | F19: 0.1 | G19: 116.38
B20: 41997 | C20: ABELARDO MATIAS BACELAR | D20: 5X | E20: SUL AMÉRICA | F20: 0.24 | G20: 363.76
B21: 41996 | C21: SANDRA CRISTINA MENDES BOZZO | D21: 4x | E21: MARITIMA | F21: 0.2 | G21: 368.41 | H21: JORGE - R$ 184,20 - PAGO
B22: 42002 | C22: IVONE ALVES DE MELO | D22: 10X | E22: AZUL | F22: 0.1 | G22: 111.81
B23: 42003 | C23: RODRIGO GONÇALVES DA SILVA | D23: 10X | E23: AZUL | F23: 0.1 | G23: 102.45
A24: VALOR TOTAL: | G24: =SUM(G3:G23) -> 4062.18

Sheet JANEIRO
A1: DATA DA TRANS. | B1: VIGÊNCIA | C1: SEGURADO | D1: QNT. DE PARCELAS | E1: SEGURADORA | F1: % COMISSÃO | G1: VALOR DA COMISSÃO | H1: COMISSÕES
B2: 42006 | C2: OSVALDO GONÇALVES DE ALMEIDA | D2: 4X | E2: AZUL | F2: 0.1 | G2: 82.57
B3: 42009 | C3: ADRIANA M PEREIRA | D3: 1X | E3: AZUL | F3: 0.1 | G3: 156.55
B4: 42010 | C4: JEFFERSON D AMBROSIO DA CONCEIÇÃO | D4: 10X | E4: AZUL | F4: 0.15 | G4: 185.82
B5: 42012 | C5: ANTONIO CESAR ESTEVES | D5: 4X | E5: TOKIO | F5: 0.21 | G5: 324.62 | H5: JORGE - R$ 162,31 - PAGO
B6: 42013 | C6: CARLOS EDUARDO SILVA DE SOUZA | D6: 4X | E6: AZUL | F6: 0.19 | G6: 377
B7: 42013 | C7: KATIA REGINA DA SILVA | D7: 4X | E7: HDI | F7: 0.1 | G7: 104.47
B8: 42014 | C8: LUANA CARLA MARQUES | D8: 4X | E8: AZUL | F8: 0.2 | G8: 251.78
B9: 42016 | C9: CARLOS ALBERTO ROQUE SANTOS | D9: 10X | E9: SUL AMÉRICA | F9: 0.1 | G9: 113.1
B10: 42016 | C10: ROSANA CLAUDIA FAUSTINO | D10: 7X | E10: AZUL | F10: 0.1 | G10: 132.98
B11: 42020 | C11: MARCUS VINICIUS DE ARAUJO BATISTA | D11: 10X | E11: BRADESCO | F11: 0.18 | G11: 252.02
B12: 42028 | C12: NOZIOZENO BATISTA DOS SANTOS | D12: 4X | E12: AZUL | F12: 0.1 | G12: 143.17
B13: 42026 | C13: MIRIA CORREA PEREIRA ISRAEL | D13: 6X | E13: MAPFRE | F13: 0.1 | G13: 164.89
B14: 42029 | C14: NORBERTO DE SOUZA | D14: 4X | E14: BRADESCO | F14: 0.1 | G14: 146.36
B15: 42027 | C15: GEORGE ELIAS FERREIRA DA SILVA | D15: 4X | E15: AZUL | F15: 0.1 | G15: 196.73
B16: 42026 | C16: GEANE SALVIEIRO TEPERINO AVILA | D16: 6X | E16: TOKIO | F16: 0.1 | G16: 135.62
B17: 42031 | C17: FABIO FERNANDES COSTA | D17: 5X | E17: SUL AMÉRICA | F17: 0.1 | G17: 147.66
A18: VALOR TOTAL: | G18: =SUM(G2:G17) -> 2915.34

Sheet FEVEREIRO
A1: DATA DA TRANS. | B1: VIGÊNCIA | C1: SEGURADO | D1: QNT. DE PARCELAS | E1: SEGURADORA | F1: % COMISSÃO | G1: VALOR DA COMISSÃO | H1: COMISSÕES
A2: 42037 | B2: 42036 | C2: FRANCISCO JOSE MOREIRA | D2: 5X | E2: PORTO | F2: 0.1398 | G2: 372.4
B3: 42040 | C3: ADRINI CARLOS CORTEZ | D3: 4X | E3: AZUL | F3: 0.1 | G3: 137.67
A4: 42041 | B4: 42042 | C4: REGIANE RHEIN TORRES SOBRAL | D4: 10X | E4: TOKIO | F4: 0.1 | G4: 218.79
A5: 42044 | B5: 42044 | C5: MARIA RISALVA TAVARES | D5: 4X | E5: BRADESCO | F5: 0.1 | G5: 199.68
A6: 42046 | B6: 42047 | C6: LUCIANA APEZZATTO JOAQUIM U. | D6: 6X | E6: TOKIO | F6: 0.1 | G6: 121.51
B7: 42048 | C7: MARIA APARECIDA ALVES NOGUEIRA | D7: 1X | E7: AZUL | F7: 0.15 | G7: 257.73
B8: 42049 | C8: ELAINE CRISTINA DA SILVA | D8: 4X | E8: AZUL | F8: 0.1 | G8: 118.53
B9: 42049 | C9: MARIA APARECIDA DOMINGOS | D9: 4X | E9: AZUL | F9: 0.1 | G9: 138.27
A10: 42046 | B10: 42050 | C10: SILVIA VIEIRA BARRETO | D10: 10X | E10: MITSUI | F10: 0.25 | G10: 246.62
B11: 42050 | C11: MIRIAN RIBEIRO | D11: 6X | E11: TOKIO | F11: 0.1 | G11: 133.7
B12: 42052 | C12: MARCOS LEANDRO DA SILVA | D12: 4X | E12: HDI | F12: 0.15 | G12: 182.54
B13: 42052 | C13: KATIA REGINA DA SILVA | D13: 4X | E13: PORTO | F13: 0.1 | G13: 105.81
B14: 42053 | C14: CAIO BRUNO BALTAZAR | D14: 2X | E14: BRADESCO | F14: 0.1 | G14: 86.25
B15: 42054 | C15: ANTONIO SOARES DE CARVALHO | D15: 10 | E15: AZUL | F15: 0.12 | G15: 118.75
B16: 42056 | C16: VALDOMIRO PENDEK | D16: 4X | E16: PORTO | F16: 0.1 | G16: 170.75
B17: 42057 | C17: ANGELA DOS SANTOS CARVALHO | D17: 10X | E17: MITSUI | F17: 0.1 | G17: 146.21
B18: 42059 | C18: ALISSON GONÇALVES DA SILVA | D18: 5X | E18: SUL AMÉRICA | F18: 0.1 | G18: 220.13
A19: 42061 | B19: 42061 | C19: JOSÉ AMARO BATISTA | D19: 4X | E19: AZUL | F19: 0.1 | G19: 128.45
A20: VALOR TOTAL: | G20: =SUM(G2:G19) -> 3103.79

Sheet MARÇO
A1: DATA DA TRANS. | B1: VIGÊNCIA | C1: SEGURADO | D1: QNT. DE PARCELAS | E1: SEGURADORA | F1: % COMISSÃO | G1: VALOR DA COMISSÃO | H1: VALOR DA COMISSÃO
A2: 42065 | B2: 42064 | C2: LUCIANA PIERONI COUTINHO | D2: 1X | E2: PORTO | F2: 0.1 | G2: 156.51
A3: 42062 | B3: 42065 | C3: THIAGO TADEU DE LIMA | D3: 4X | E3: AZUL | F3: 0.1 | G3: 191.36
B4: 42065 | C4: MONIKA ELIZABETH JUNG MATRONI | D4: 6X | E4: MITSUI | F4: 0.15 | G4: 257.25 | H4: 128,62 - Mauro
A5: 42062 | B5: 42066 | C5: HUMBERTO MATIAS ALVES SILVA | D5: 4X | E5: MITSUI | F5: 0.2 | G5: 297.58
A6: 42061 | B6: 42066 | C6: MARCELA DALTO AMMIRABILE | D6: 1X | E6: AZUL | F6: 0.1 | G6: 139.5
A7: 42067 | B7: 42068 | C7: ROSENAIDE RITA FERREIRA O. COELHO | D7: 6X | E7: TOKIO | F7: 0.1 | G7: 166.54
A8: 42062 | B8: 42069 | C8: EDSON BATISTA DE MORAES | D8: 7x | E8: HDI | F8: 0.18 | G8: 241.71
A9: 42069 | B9: 42069 | C9: CARLOS ROGÉRIO GOMIDE | D9: 5X | E9: TOKIO | F9: 0.1 | G9: 126.18
A10: 42062 | B10: 42069 | C10: EDSON COSTA | D10: 4X | E10: AZUL | F10: 0.1 | G10: 119.24
A11: 42069 | B11: 42069 | C11: JOANA DARC JACINTO SOARES COELHO | D11: 6X | E11: MITSUI | F11: 0.1 | G11: 170.02
A12: 42069 | B12: 42073 | C12: CARLOS ALBERTO PINTO | D12: 4X | E12: AZUL | F12: 0.12 | G12: 118.23
A13: 42073 | B13: 42077 | C13: ADRIANA DA SILVA MONÇÃO BARROS | D13: 10X | E13: AZUL | F13: 0.23 | G13: 501.08
A14: 42075 | B14: 42077 | C14: JAILSON DE JESUS SANTOS | D14: 1X | E14: SUL AMÉRICA | F14: 0.23 | G14: 311.17
A15: 42075 | B15: 42078 | C15: VANDERLEI PEREIRA DE ALMEIDA | D15: 4X | E15: TOKIO | F15: 0.15 | G15: 203.49
A16: 42076 | B16: 42072 | C16: JAILSONPEREIRA DA SILVA | D16: 4X | E16: AZUL | F16: 0.1 | G16: 275.94
... A23: 42088 | B23: 42088 | C23: RENATA CARLA FAUSTINO DE MELO | D23: 4X | E23: AZUL | F23: 0.1 | G23: 204.19
A24: 42089 | B24: 42089 | C24: ADRIANA DOS SANTOS PEREIRA | D24: 10 | E24: MITSUI | F24: 0.1 | G24: 207.56
A25: 42089 | B25: 42089 | C25: PAULA REGINA BOTARO | D25: 6X | E25: TOKIO | F25: 0.1 | G25: 231.71
A26: 42090 | B26: 42090 | C26: FLAVIA APARECIDA MORAIS MARTINS | D26: 10X | E26: MITSUI | F26: 0.1 | G26: 222.62
A27: 42089 | B27: 42093 | C27: RITA DE CASSIA MENDES | D27: 4X | E27: MITSUI | F27: 0.1 | G27: 142.79
A28: VALOR TOTAL: | G28: =SUM(G2:G27) -> 5488

Sheet ABRIL
A1: DATA DA TRANS. | B1: VIGÊNCIA | C1: SEGURADO | D1: QNT. DE PARCELAS | E1: SEGURADORA | F1: % COMISSÃO | G1: VALOR DA COMISSÃO | H1: VALOR DA COMISSÃO
A2: 42096 | B2: 42096 | C2: FRANCISCO PAIVA DE FREITAS | D2: 4X | E2: TOKIO | F2: 0.1 | G2: 134.03
A3: 42095 | B3: 42096 | C3: JOHNNY BISPO DIAS | D3: 10X | E3: MITSUI | F3: 0.2 | G3: 179.82
A4: 42096 | B4: 42098 | C4: POLYANA DE PAULA ALBUQUERQUE | D4: 4X | E4: MAPFRE | F4: 0.1 | G4: 233.19
A5: 42102 | B5: 42102 | C5: JUCIELIA RODRIGUES DOS ANJOS | D5: 5X | E5: SUL AMÉRICA | F5: 0.1 | G5: 139.31
A6: 42104 | B6: 42104 | C6: BRUNA LISBOA TORRES SOBRAL | D6: 4X | E6: SUL AMÉRICA | F6: 0.2 | G6: 375.87
A7: 42104 | B7: 42104 | C7: RODRIGO CARRERAS DE OLIVEIRA MOTA | D7: 3X | E7: SUHAI | F7: 0.2 | G7: 293.49
A8: 42108 | B8: 42108 | C8: FERNANDO NONATO MARTINES | D8: 4X | E8: AZUL | F8: 0.1 | G8: 108
A9: 42109 | B9: 42109 | C9: ROSANA ARAKAKI GUIMARAES | D9: 4X | E9: SUL AMÉRICA | F9: 0.22 | G9: 305.88
A10: 42110 | B10: 42110 | C10: JOSE GERALDO RIBEIRO | D10: 5X | E10: MARITIMA | F10: 0.1 | G10: 155.1 | H10: Vinicius - 77,55
A11: 42110 | B11: 42110 | C11: EDUARDO GENOVESI FERNANDES | D11: 4X | E11: HDI | F11: 0.1 | G11: 321.45
A12: 42109 | B12: 42117 | C12: KARINA YUMI KATSUURA | D12: 1X | E12: MITSUI | F12: 0.1 | G12: 85.6
A13: 42116 | B13: 42116 | C13: RENATO LEITE RODRIGUES | D13: 3X | E13: SUL AMÉRICA | F13: 0.14 | G13: 276.96
A14: 42117 | B14: 42116 | C14: CICERO TERTO | D14: 4X | E14: TOKIO | F14: 0.1 | G14: 181.77
A15: 42118 | B15: 42118 | C15: ÁLVARO LUIZ MANCHON SARNES | D15: 4X | E15: SUL AMÉRICA | F15: 0.18 | G15: 237.47
A16: 42118 | B16: 42119 | C16: MARIO PAULO DA SILVA DOMINGOS | D16: 6X | E16: MAPFRE | F16: 0.1 | G16: 281.5
A17: 42122 | B17: 42122 | C17: ADJAILSON PONTES DA SILVA | D17: 5X | E17: SUL AMÉRICA | F17: 0.17 | G17: 396.05
A23: VALOR TOTAL: | G23: =SUM(G2:G22) -> 3705.49

Sheet MAIO 2015
A1: DATA DA TRANS. | B1: VIGÊNCIA | C1: SEGURADO | D1: QNT. DE PARCELAS | E1: SEGURADORA | F1: % COMISSÃO | G1: VALOR DA COMISSÃO | H1: COMISSÕES/CORRETORES
A2: 42123 | B2: 42126 | C2: HUMBERTO ANTONIO BARONI | D2: 10X | E2: TOKIO | F2: 0.1 | G2: 122.17
A3: 42121 | B3: 42130 | C3: ERICA MARIA GOMES DE LIMA | D3: 10X | E3: MITSUI | F3: 0.25 | G3: 435.89
A4: 42124 | B4: 42129 | C4: ADILSON VENCESLAU BRAS | D4: 10X | E4: AZUL | F4: 0.1 | G4: 125.79
A5: 42124 | B5: 42006 | C5: ROBERTO SELESTINO | D5: 4X | E5: MITSUI | F5: 0.1 | G5: 154.25 | H5: 77,12 - Mauro
A6: 42132 | B6: 42133 | C6: MARCOS JOSE DA SILVA | D6: 4X | E6: AZUL | F6: 0.1 | G6: 114.3
A7: 42137 | B7: 42137 | C7: HUGO LIMA | D7: 4X | E7: AZUL | F7: 0.1 | G7: 111.27
A8: 42138 | B8: 42138 | C8: FERNANDO ANTONIO DE OLIVEIRA | D8: 4X | E8: PORTO | F8: 0.1 | G8: 499.25
A9: 42138 | B9: 42138 | C9: GEORGE DE OLIVEIRA | D9: 3X | E9: PORTO | F9: 0.1 | G9: 211.59
A10: 42138 | B10: 42138 | C10: WALTER VINICIUS GUZMAN DE ALMEIDA | D10: 7X | E10: SUHAI | F10: 0.1 | G10: 147.64
A11: 42139 | B11: 42139 | C11: GERALDO AMARINHO DE ARAUJO | D11: 10X | E11: AZUL | F11: 0.1 | G11: 154.28
A12: 42142 | B12: 42145 | C12: EMERSON AMARINHO DE ARAUJO | D12: 4X | E12: AZUL | F12: 0.1 | G12: 160.86
A13: 42143 | B13: 42143 | C13: EVANDRO VILARONGA RIOS | D13: 8X | E13: AZUL | F13: 0.1 | G13: 160.19
A14: 42145 | B14: 42145 | C14: MARCIA LOPES DE SOUSA | D14: 2X | E14: AZUL | F14: 0.1 | G14: 140.3
A15: 42145 | B15: 42147 | C15: EVANDRO FERREIRA DA COSTA | D15: 6X | E15: TOKIO | F15: 0.15 | G15: 209.94
A16: 42149 | B16: 42149 | C16: SEVERINO MIGUEL DA SILVA | D16: 4X | E16: AZUL | F16: 0.25 | G16: 287.32
A17: 42151 | B17: 42151 | C17: RODRIGO GONÇALVES DA SILVA | D17: 6X | E17: TOKIO | F17: 0.15 | G17: 389.3
... A22: 42152 | B22: 42155 | C22: CAIO FELLIPE DA CRUZ | D22: 4X | E22: AZUL | F22: 0.2 | G22: 422.87
A23: VALOR TOTAL: | G23: =SUM(G2:G22) -> 4403.26

Sheet JUNHO 2015
A1: DATA DA TRANS. | B1: VIGÊNCIA | C1: SEGURADO | D1: QNT. DE PARCELAS | E1: SEGURADORA | F1: % COMISSÃO | G1: VALOR DA COMISSÃO | H1: COMISSÕES/CORRETORES
A2: 42150 | B2: 42157 | C2: EDSON COSTA | D2: 6X | E2: HDI | F2: 0.15 | G2: 222.25
A3: 42153 | B3: 42159 | C3: WILSON DE SOUZA | D3: 1X | E3: BRADESCO | F3: 0.17 | G3: 230.32
A4: 42163 | B4: 42163 | C4: ERIVALDO DOS SANTOS | D4: 4X | E4: BRADESCO | F4: 0.1 | G4: 293.84
A5: 42160 | B5: 42169 | C5: EMMANUEL MARTINS DE ALBUQUERQUE | D5: 1X | E5: TOKIO | F5: 0.1 | G5: 113.1
A6: 42164 | B6: 42167 | C6: JOSE GERALDO DE MOREIRA | D6: 4X | E6: AZUL | F6: 0.1 | G6: 126.88
A7: 42167 | B7: 42169 | C7: KELLY CRISTINA ACACIO VICENTE | D7: 4X | E7: BRADESCO | F7: 0.1 | G7: 290.29
A8: 42167 | B8: 42167 | C8: GABRIELA GONÇCALVES BRITO | D8: 3X | E8: AZUL | F8: 0.1 | G8: 99.68
A9: 42167 | B9: 42167 | C9: ERICA MARIA GOMES DE LIMA | D9: 5X | E9: SUL AMÉRICA | F9: 0.15 | G9: 256.66
A10: 42172 | B10: 42172 | C10: PAULO ALEXANDRE DA COSTA | D10: 6X | E10: MAPFRE | F10: 0.1 | G10: 112.75
A11: 42173 | B11: 42173 | C11: ERICA MARIA GOMES DE LIMA | D11: 10X | E11: MITSUI | F11: 0.25 | G11: 631.84
A12: 42167 | B12: 42165 | C12: FERNANDA MARTINS | D12: 10X | E12: MITSUI | F12: 0.1 | G12: 241.98
A13: 42174 | B13: 42174 | C13: RAFAEL FERREIRA (L200) | D13: 1X | E13: SUHAI | F13: 0.25 | G13: 690.7
... A23: 42184 | B23: 42188 | C23: FRANCISCO WESLEY ALVES ALMEIDA RUFINO | D23: 5X | E23: PORTO | F23: 0.25 | G23: 530.59
A24: VALOR TOTAL: | G24: =SUM(G2:G23) -> 5578.22

Sheet JULHO 2015
A1: DATA DA TRANS. | B1: VIGÊNCIA | C1: SEGURADO | D1: QNT. DE PARCELAS | E1: SEGURADORA | F1: % COMISSÃO | G1: VALOR DA COMISSÃO | H1: REPASSE COMISSÃO
A2: 42186 | B2: 42186 | C2: RENATO DE JESUS LINS | D2: 1X | E2: AZUL | F2: 0.1 | G2: 246.98
A3: 42188 | B3: 42188 | C3: CLAUDIA REGINA DIAS | D3: 7X | E3: PORTO | F3: 0.1 | G3: 101.07
A4: 42186 | B4: 42188 | C4: SUELI APARECIDA JORGE DE AZEVED0 | D4: 10X | E4: AZUL | F4: 0.2 | G4: 274.03
A5: 42191 | B5: 42194 | C5: RAIMUNDO NONATO NUNES | D5: 10X | E5: MITSUI | F5: 0.25 | G5: 384.93
A6: 42193 | B6: 42193 | C6: GESIMARA DA COSTA MENDES | D6: 5X | E6: MITSUI | F6: 0.1 | G6: 157.86
A7: 42193 | B7: 42193 | C7: MANUEL MAX FIRMINO LOPES FILHO | D7: 4X | E7: AZUL | F7: 0.18 | G7: 235.18
A8: 42195 | B8: 42192 | C8: ANSELMO DO SANTOS UGARTE | D8: 4X | E8: AZUL | F8: 0.1 | G8: 127.16
A9: 42195 | B9: 42195 | D9: 4X | E9: AZUL | F9: 0.1 | G9: 40.08
A10: 42195 | B10: 42196 | C10: SEGMAX TECNOLOGIA E M ARGAMASSAS LTDA | D10: 4X | E10: HDI | F10: 0.25 | G10: 381.25
A11: 42198 | B11: 42200 | C11: ANGELO MARCIO ALVES NEVES | D11: 4X | E11: AZUL | F11: 0.13 | G11: 162.94
A12: 42199 | B12: 42195 | C12: BRUNO SOUZA AGUIAR | D12: 1X | E12: AZUL | F12: 0.2 | G12: 273.78
A13: 42200 | B13: 42200 | C13: ROBERTO CELESTINO | D13: 5X | E13: SULAMERICA | F13: 0.15 | G13: 235.49
A14: 42201 | B14: 42201 | C14: THAIS FREITAS DOS SANTOS SOUZA | D14: 7X | E14: MITSUI | F14: 0.25 | G14: 431.61
A15: 42200 | B15: 42200 | C15: STAR PACK | D15: 5X | E15: SULAMERICA | F15: 0.1 | G15: 215.7
A16: 42202 | B16: 42204 | C16: NEUSA APARECIDA DE ARAUJO | D16: 5X | E16: SULAMERICA | F16: 0.25 | G16: 889.46
A17: 42202 | B17: 42202 | C17: REGIANI APARECIDA GARDELLI DEL BUSSO | D17: 10X | E17: AZUL | F17: 0.2 | G17: 207.53
A18: 42206 | B18: 42206 | D18: 1X | E18: PORTO | F18: 0.25 | G18: 55.49
A19: 42206 | B19: 42206 | D19: 5X | E19: PORTO | F19: 0.25 | G19: 215.35
A20: 42207 | B20: 42207 | C20: RAFAEL CUNHA DO NASCIMENTO | D20: 1X | E20: PORTO | F20: 0.25 | G20: 230.48
A21: 42207 | B21: 42207 | C21: FELIPE MOTA PENDEK | D21: 4X | E21: PORTO | F21: 0.1 | G21: 258.8
A22: 42209 | B22: 42210 | C22: EDIVALDO PEREIRA DA SILVA | D22: 4X | E22: TOKIO | F22: 0.2 | G22: 288.27
A23: 42209 | B23: 42209 | C23: IZAIAS MENDES DA SILVA | D23: 10X | E23: AZUL | F23: 0.1 | G23: 73.77
A24: 42212 | B24: 42209 | D24: 2X | E24: AZUL | F24: 0.1 | G24: 20.45
A25: 42213 | B25: 42213 | C25: MARIA LUISA NONATO MARTINES | D25: 10X | E25: AZUL | F25: 0.1 | G25: 175.87
A26: 42212 | B26: 42231 | C26: MAURICI AZEVEDO DO NASCIMENTO | D26: 5x | E26: PORTO | F26: 0.1 | G26: 211.02
A27: 42212 | B27: 42213 | C27: SERGIO RODRIGO BUENO | D27: 7X | E27: HDI | F27: 0.15 | G27: 302.08
A28: 42213 | B28: 42212 | C28: MARCIO DA CONCEIÇÃO DA COSTA | D28: 10X | E28: AZUL | F28: 0.15 | G28: 252.67
A29: 42212 | B29: 42212 | C29: LUIS VANTULIO DA COSTA | D29: 7X | E29: MITSUI | F29: 0.25 | G29: 352.89
A30: 42214 | B30: 42214 | C30: VALDEMIR SILVA DOS SANTOS | D30: 7X | E30: HDI | F30: 0.2 | G30: 343.47
A31: 42214 | B31: 42214 | D31: 1X | E31: AZUL | F31: 0.1 | G31: 11.84
A32: 42212 | B32: 42212 | D32: 8X | E32: AZUL | F32: 0.1 | G32: 52.66
A33: 42207 | B33: 42209 | C33: HELENILDA JOSEFA DA SILVA DE SOUSA | D33: 4X | E33: AZUL | F33: 0.25 | G33: 351.99 | H33: REPASSE JORGE = R4 175,99
A34: VALOR TOTAL: | G34: =SUM(G2:G33) -> 7562.15

Sheet AGOSTO 2016
A1: DATA DA TRANS. | B1: VIGÊNCIA | C1: SEGURADO | D1: QNT. DE PARCELAS | E1: SEGURADORA | F1: % COMISSÃO | G1: VALOR DA COMISSÃO | H1: REPASSE COMISSÃO
A2: 42222 | B2: 42222 | D2: 1X | E2: AZUL | F2: 0.1 | G2: 7.05
A3: 42223 | B3: 42226 | C3: EDIVALDO FRANCISCO SANTOS | D3: 4X | E3: HDI | F3: 0.1 | G3: 168.41
A4: 42223 | B4: 42226 | C4: MONIKA ELIZABETH JUNG MATRONI | D4: 4X | E4: BRADESCO | F4: 0.1 | G4: 165.29
A5: 42228 | B5: 42226 | C5: PEDRO PAULO FARIA | D5: 4X | E5: MITSUI | F5: 0.1 | G5: 94.72
A6: 42229 | B6: 42228 | C6: PAULO RAIMUNDO BAUEB | D6: 4X | E6: AZUL | F6: 0.1 | G6: 101.03
A7: 42230 | B7: 42236 | C7: MARCO AURELIO DA SILVA | D7: 4X | E7: AZUL | G7: 331.31
A8: 42230 | B8: 42231 | C8: VALDEMIR SILVA ALMEIDA | D8: 10X | E8: SUL AMÉRICA | F8: 0.1 | G8: 123.66
A9: 42237 | B9: 42237 | C9: EDUARDO TORRES DA CUNHA | D9: 1X | E9: TOKIO | F9: 0.1 | G9: 121.24
A10: 42230 | B10: 42230 | C10: WILLIAN ANTONIO GUEDES DOS SANTOS | D10: 4X | E10: AZUL | F10: 0.1 | G10: 346.57
A11: 42236 | B11: 42236 | C11: ROGERIO ORIOLI | D11: 5X | E11: SUL AMÉRICA | F11: 0.1 | G11: 124.32
A12: 42230 | B12: 42230 | C12: MARCOS ROBERTO ALENCAR SANTIAGO | D12: 4X | E12: AZUL | F12: 0.1 | G12: 179.34
A13: 42237 | B13: 42237 | C13: LEONARDO GABALDI CARDOSO | D13: 10X | E13: AZUL | F13: 0.1 | G13: 164.14
A14: 42240 | B14: 42606 | C14: ALCIDESIO CAETANO DA SILVA | D14: 4X | E14: AZUL | F14: 0.25 | G14: 585.65
A15: 42241 | B15: 42607 | C15: ROBERTA PRISCILA DA SILVA MATIAS | D15: 6X | E15: TOKIO | F15: 0.2 | G15: 235.94
A16: 42242 | B16: 42242 | C16: AQUINO IMÓVEIS | D16: 4X | E16: AZUL | F16: 0.1 | G16: 117.53
A17: 42243 | B17: 42244 | C17: LUCIANO DA SILVA SENA | D17: 8X | E17: PORTO | F17: 0.13 | G17: 253.94
A18: 42244 | B18: 42246 | C18: FRANCISCO ELEOTORIO CHAGAS JUNIOR | D18: 4X | E18: AZUL | F18: 0.15 | G18: 336.11
A19: 42244 | B19: 42250 | C19: LUCIENE TEREZA DA SILVA | D19: 4X | E19: AZUL | F19: 0.14 | G19: 198.25
A20: 42244 | B20: 42244 | C20: ALBERTO LINCOLN FERREIRA MALTA | D20: 4X | E20: AZUL | F20: 0.1 | G20: 122.15
A24: VALOR TOTAL: | G24: =SUM(G2:G23) -> 3776.65

Sheet SETEMBRO 2015
A1: DATA DA TRANS. | B1: VIGÊNCIA | C1: SEGURADO | D1: QNT. DE PARCELAS | E1: SEGURADORA | F1: % COMISSÃO | G1: VALOR DA COMISSÃO | H1: REPASSE COMISSÃO
A2: 42248 | B2: 42248 | C2: NEYRE MACIEL SEIXAS | D2: 3X | E2: SUHAI | F2: 0.2 | G2: 521.5
A3: 42248 | B3: 42260 | C3: LUCIANO DE LIMA DE ARAUJO | D3: 7X | E3: MITSUI | F3: 0.1 | G3: 78.49
A4: 42249 | B4: 42258 | C4: JEFFERSON RODRIGUES | D4: 4X | E4: BRADESC0 | F4: 0.15 | G4: 381
A5: 42257 | B5: 42257 | C5: SEGMAX | D5: 4X | E5: BRADESCO | F5: 0.19 | G5: 377.7
A6: 42257 | B6: 42258 | C6: MICHELLE DOS SANTOS SOUZA | D6: 4X | E6: HDI | F6: 0.2 | G6: 396.43
A7: 42257 | B7: 42262 | C7: ADJAILSON PONTES DA SILVA | D7: 4X | E7: BRADES | F7: 0.1 | G7: 239.58
A8: 42261 | B8: 42263 | C8: JOSÉ MILTON REIS | D8: 7X | E8: MITSUI | F8: 0.25 | G8: 312.45
C9: GILBERTO RODRIGUES MAGUETA | D9: 4x | E9: HDI | F9: 0.25 | G9: 231.99
C10: PAULO ROGERIO TEIXEIRA DA SILVA | D10: 4X | E10: AZUL | F10: 0.1 | G10: 90.42
C11: FRANCISCO DAS CHAGAS FERREIRA DE LIMA | D11: 4X | E11: SUL AMÉRICA | F11: 0.1 | G11: 524.72
A12: 42265 | B12: 42265 | C12: REGINA CRISTINA LEITE PEREIRA | D12: 4X | E12: SUL AMÉRICA | F12: 0.1 | G12: 92.94
A13: 42268 | B13: 42264 | C13: AKISHIDE YAMASHITA | D13: 1X | E13: PORTO | F13: 0.1 | G13: 110.7
A14: 42271 | B14: 42271 | C14: PAULA REGINA BOTARO | D14: 4X | E14: SUL AMÉRICA | F14: 0.1 | G14: 182.92
A15: 42271 | B15: 42268 | C15: RAFAEL BRAULIO ROCHA | D15: 4X | E15: AZUL | F15: 0.1 | G15: 158.32
A16: 42277 | B16: 42272 | C16: AREMI FARIAS DE MORAIS | D16: 10X | E16: AZUL | F16: 0.1 | G16: 178.58
A17: 42272 | B17: 42272 | C17: JAQUELINE HENRIQUE DOS SANTOS | D17: 3X | E17: SUHAI | F17: 0.2 | G17: 216.79
A18: 42272 | B18: 42276 | C18: JOSE ROGERIO MONTEIRO | D18: 4X | E18: AZUL | F18: 0.15 | G18: 172.15
A19: 42272 | B19: 42272 | C19: ENDOSSO - ANDREZA PATRICIA LOPES PONTES | D19: 4X | E19: SUL AMÉRICA | F19: 0.1 | G19: 173.68
A20: 42272 | B20: 42276 | C20: GENIVALDO ANTONIO DE OLIVEIRA | D20: 5x | E20: PORTO | F20: 0.1 | G20: 162.93
A21: 42272 | B21: 42272 | C21: LEANDRO ALMEIDA CRISPIM ME | D21: 6X | E21: TOKIO | F21: 0.1 | G21: 239.94
A22: 42277 | B22: 42277 | C22: THAIS FERRE FAILLA | D22: 4X | E22: AZUL | F22: 0.1 | G22: 117.78
A23: 42279 | B23: 42274 | C23: SEVERINO GOMES | D23: 4X | E23: AZUL | F23: 0.1 | G23: 112.12
A25: VALOR TOTAL: | G25: =SUM(G2:G24) -> 5073.13

Sheet OUTUBRO 2015
A1: DATA DA TRANS. | B1: VIGÊNCIA | C1: SEGURADO | D1: QNT. DE PARCELAS | E1: SEGURADORA | F1: % COMISSÃO | G1: VALOR DA COMISSÃO | H1: REPASSE COMISSÃO
A2: 42277 | B2: 42282 | C2: SUEMARY LOPES DE BARROS | D2: 4X | E2: AZUL | F2: 0.1 | G2: 111.39
A3: 42286 | B3: 42287 | C3: MARLUCE DOS SANTOS MARTINS | D3: 4X | E3: AZUL | F3: 0.2 | G3: 280.75
A4: 42286 | B4: 42288 | C4: ALEX GONÇALVES DE ANDRADE | D4: 4X | E4: AZUL | F4: 0.2 | G4: 313.7
A5: 42286 | B5: 42289 | C5: MARCOS LEANDRO DA SILVA | D5: 4X | E5: AZUL | F5: 0.2 | G5: 232.83
A6: 42286 | B6: 42291 | C6: JULIANA MAITAN BITTENCOURT | D6: 4X | E6: PORTO | F6: 0.1 | G6: 152.62
A7: 42283 | B7: 42283 | C7: F INICIATIVAS CONSULTORIA E ASS EMPRES LTDA | D7: 4X | E7: PORTO | F7: 0.22 | G7: 390.81 | H7: EMPRESARIAL
A8: 42298 | B8: 42298 | C8: PRISCILA MINGHETTI PERRUD | D8: 4X | E8: PORTO | F8: 0.16 | G8: 233.77
A9: 42303 | B9: 42303 | C9: WALTER PEREIRA DE ALMEIDA | D9: 10X | E9: PORTO | F9: 0.13 | G9: 166.96
A10: 42304 | B10: 42304 | C10: LUCIANO DA SILVA SENA | D10: 4X | E10: BRADESCO | F10: 0.15 | G10: 385.16
A11: 42304 | B11: 42308 | C11: PAULO JIRO NOMI | D11: 5X | E11: SUL AMÉRICA | F11: 0.1 | G11: 130.24
A12: 42304 | B12: 42304 | C12: MARIO PAULO DA SILVA DOMINGOS | D12: 6X | E12: BRADESCO | F12: 0.15 | G12: 844.13
A13: 42306 | B13: 42306 | C13: ARLETE FERREIRA PEREIRA | D13: 4X | E13: MITSUI | F13: 0.225 | G13: 324.16
A14: 42306 | B14: 42306 | C14: CLAUS WILLIAM SCHULZE | D14: 6X | E14: TOKIO | F14: 0.1 | G14: 79.71
A15: 42307 | B15: 42308 | C15: EDILENE ROSA DE ARAUJO | D15: 10X | E15: SUL AMÉRICA | F15: 0.1 | G15: 130.18
A16: 42307 | B16: 42311 | C16: LUANA DE CAIRES COELHO | D16: 4X | E16: HDI | F16: 0.15 | G16: 170.63
A25: VALOR TOTAL: | G25: =SUM(G2:G24) -> 3947.04

Sheet NOVEMBRO 2015
A1: DATA DA TRANS. | B1: VIGÊNCIA | C1: SEGURADO | D1: QNT. DE PARCELAS | E1: SEGURADORA | F1: % COMISSÃO | G1: VALOR DA COMISSÃO | H1: REPASSE COMISSÃO
B2: 42313 | C2: FERNANDA GONZALES DE LIMA | D2: 4X | E2: AZUL | F2: 0.2 | G2: 226.88
A3: 42311 | B3: 42311 | C3: WILLIAN ANTONIO GUEDES DOS SANTOS | D3: 6X | E3: BRADESCO | F3: 0.1 | G3: 323.94
A4: 42318 | B4: 42318 | C4: ALEX SANDRO BRAGATO | D4: 7X | E4: MITSUI | F4: 0.15 | G4: 205.86
B5: 42324 | C5: TARCISIO ANTONIO VALENTIN | D5: 1X | E5: PORTO | F5: 0.1 | G5: 132.56
A6: 42319 | B6: 42319 | C6: ADEMIR CYRINO GARCIA | D6: 4X | E6: AZUL | F6: 0.15 | G6: 178.04
A7: 42318 | B7: 42318 | C7: JANIO DUTRA DA SILVA | D7: 6X | E7: TOKIO | F7: 0.1 | G7: 183.3
A8: 42320 | B8: 42320 | C8: SEBASTIAO MARCIO CAPELLO | D8: 4X | E8: AZUL | F8: 0.2 | G8: 207.64
A9: 42320 | B9: 42320 | C9: ROSANA ARAKAKI GUIMARAES | D9: 5X | E9: PORTO | F9: 0.1 | G9: 333.35
A10: 42324 | B10: 42324 | C10: SEVERINO BERNARDO DA SILVA | D10: 4X | E10: AZUL | F10: 0.25 | G10: 233.59
A11: 42324 | B11: 42327 | C11: LUCIENE APARECIDA PANSARIN MEI | D11: 4X | E11: AZUL | F11: 0.25 | G11: 234.33
A12: 42324 | B12: 42327 | C12: JOSE AUGUSTO GALAN | D12: 2X | E12: AZUL | F12: 0.13 | G12: 142.6
A13: 42324 | B13: 42330 | C13: FLAVIA RUBIA DE PAULA | D13: 4X | E13: AZUL | F13: 0.1 | G13: 124.51
A14: 42327 | B14: 42333 | C14: ESTANISLAU SEVERINO DE ARRUDA JUNIOR | D14: 10X | E14: PORTO | F14: 0.2 | G14: 224.65
A15: 42327 | B15: 42327 | C15: IVONE ALVES DE MELO | D15: 4X | E15: AZUL | F15: 0.2 | G15: 330.33
A16: 42331 | B16: 42329 | C16: AILTON ROCHA GONÇALVES | D16: 1X | E16: AZUL | F16: 0.2 | G16: 396.39
A17: 42338 | B17: 42340 | C17: ORLANDO BERNARDES FAUSTINO | D17: 4X | E17: PORTO | F17: 0.15 | G17: 172.02
... A20: 42339 | B20: 42336 | C20: ERIKA DIAS LIMA | D20: 4X | E20: AZUL | F20: 0.1 | G20: 142.03
A24: VALOR TOTAL: | G24: =SUM(G2:G23) -> 4252.6

Sheet DEZEMBRO 2015
A1: DATA DA TRANS. | B1: VIGÊNCIA | C1: SEGURADO | D1: QNT. DE PARCELAS | E1: SEGURADORA | F1: % COMISSÃO | G1: VALOR DA COMISSÃO | H1: REPASSE COMISSÃO
A2: 42340 | B2: 42341 | C2: ALEXANDRA SEREICIKAS DE SOUSA LIMA | D2: 4X | E2: AZUL | F2: 0.15 | G2: 159.22
A3: 42340 | B3: 42342 | C3: DANIELA AVELINO CUNHA ANDRADE | D3: 1X | E3: HDI | F3: 0.15 | G3: 190.38
A4: 42347 | B4: 42347 | C4: ANA MARIA SOTERO LIMA | D4: 4X | E4: AZUL | F4: 0.1 | G4: 133.27
A5: 42352 | B5: 42352 | C5: GERSON FONSECA MENDES | D5: 4X | E5: ITAU | F5: 0.1 | G5: 186.59
A6: 42348 | B6: 42345 | C6: MARCIA ISABEL DOS SANTOS | D6: 10X | E6: PORTO | F6: 0.1 | G6: 218.56
A7: 42349 | B7: 41255 | C7: MARCELO PAULO DE OLIVEIRA | D7: 2X | E7: HDI | F7: 0.11 | G7: 258.5
A8: 42349 | B8: 42352 | C8: TEGNUS FRANCISCUS LAMAS | D8: 7X | E8: MITSUI | F8: 0.2 | G8: 312.28
A9: 42349 | B9: 42354 | C9: ALAOR GONÇALVES DIAS | D9: 5X | E9: PORTO | F9: 0.1 | G9: 167.57
A10: 42352 | B10: 42352 | C10: ESTANISLAU SEVERINO DE ARRUDA JUNIOR | D10: 4X | E10: AZUL | F10: 0.2 | G10: 190.52
A11: 42355 | B11: 42358 | C11: PAULO RAIMUNDO BAUEB | D11: 1X | E11: AZUL | F11: 0.1 | G11: 80.98
A12: 42353 | B12: 42353 | C12: SOLANGE ALMEIDA RODRIGUES | D12: 4X | E12: AZUL | F12: 0.2 | G12: 270.35 | H12: 135.17
A13: 42354 | B13: 42355 | C13: OSVALDO GONÇALVES DE ALMEIDA S | D13: 4X | E13: AZUL | F13: 0.1 | G13: 147.06
A14: 42354 | B14: 42355 | C14: ALEXANDRE ALFREDO LAMEIRÃO | D14: 4X | E14: AZUL | F14: 0.1 | G14: 133.99
A15: 42356 | B15: 42356 | C15: ROSANA ARAKAKI GUIMARAES | D15: 4X | E15: ITAU | F15: 0.23 | G15: 786.74
A16: 42360 | B16: 42361 | C16: SUELI GOMES DA SILVA JURAS | D16: 4X | E16: AZUL | F16: 0.2 | G16: 235.65
A17: 42359 | B17: 42356 | C17: RAFAEL CUNHA DO NASCIMENTO | D17: 10X | E17: AZUL | F17: 0.1 | G17: 189.85
A18: 42361 | B18: 42362 | C18: ABELARDO MATIAS BACELAR | D18: 5X | E18: SUL AMÉRICA | F18: 0.25 | G18: 397.6
A19: 42361 | B19: 42361 | C19: GERSON FONSECA MENDES | D19: 4X | E19: AZUL | F19: 0.1 | G19: 234.26
A20: 42361 | B20: 42361 | C20: MANOELINA MARIA MARTINS | D20: 4X | E20: AZUL | F20: 0.2 | G20: 306.52
A21: 42361 | B21: 42361 | C21: OSWALDO ANTONIO MENDES | D21: 4X | E21: AZUL | F21: 0.2 | G21: 272.19
A22: 42367 | B22: 42367 | C22: CAMILA APARECIDA DE LIMA | D22: 4X | E22: AZUL | F22: 0.15 | G22: 199.02
A23: 42368 | B23: 42368 | C23: ERIKA DIAS LIMA | D23: 4X | E23: HDI | F23: 0.1 | G23: 175.42
A24: 42361 | B24: 42374 | C24: ADRIANA M PEREIRA | D24: 1X | E24: AZUL | F24: 0.18 | G24: 278.89
A25: VALOR TOTAL: | G25: =SUM(G2:G24) -> 5525.41

Sheet JANEIRO 2016
A1: DATA DA TRANS. | B1: VIGÊNCIA | C1: SEGURADO | D1: QNT. DE PARCELAS | E1: SEGURADORA | F1: % COMISSÃO | G1: VALOR DA COMISSÃO | H1: REPASSE COMISSÃO | I1: CORRETOR
A2: 42374 | B2: 42377 | C2: ANTONIO CESAR ESTEVES | D2: 4X | E2: AZUL | F2: 0.25 | G2: 434.78 | H2: 217.39 | I2: JORGE
A3: 42374 | B3: 42378 | C3: KATIA REGINA DA SILVA | D3: 4X | E3: MITSUI | F3: 0.21 | G3: 257.13
A4: 42373 | B4: 42373 | C4: SERGIO MELLO RAMALHO DE CARVALHO | D4: 10X | E4: MAPFRE | F4: 0.1 | G4: 150.94 | H4: 75.47 | I4: MAURO
A5: 42383 | B5: 42381 | C5: ROSANA CLAUDIA FAUSTINO | D5: 4X | E5: AZUL | F5: 0.15 | G5: 219.47
A6: 42384 | B6: 42379 | C6: LUANA CARLA MARQUES | D6: 4X | E6: AZUL | F6: 0.1 | G6: 138.73
A7: 42377 | B7: 42378 | C7: CARLOS EDUARDO SILVA DE SOUZA | D7: 10X | E7: AZUL | F7: 0.15 | G7: 313.33
A8: 42381 | B8: 42381 | C8: CARLOS ALBERTO ROQUE DOS SANTOS | D8: 10X | E8: SUL AMÉRICA | F8: 0.25 | G8: 270.11
A9: 42387 | B9: 42385 | C9: WILLIAM MARCILIO RIBEIRO DA SILVA | D9: 10x | E9: AZUL | F9: 0.1 | G9: 260.82
A10: 42389 | B10: 42387 | C10: JEFFERSON D AMBROSIO DA CONCEIÇÃO | D10: 10X | E10: AZUL | F10: 0.1 | G10: 167.63
A11: 42396 | B11: 42396 | C11: REGIANE RHEIN TORRES SOBRAL | D11: 4X | E11: SUL AMÉRICA | F11: 0.1 | G11: 293.97
A12: 42391 | B12: 42391 | C12: GEANE SALVIANO TEPERINO AVILA | D12: 4X | E12: HDI | F12: 0.1 | G12: 145.47
A13: 42391 | B13: 42391 | C13: MIRIÃ CORREA PEREIRA ISRAEL | D13: 6X | E13: TOKIO | F13: 0.1 | G13: 181.98
A14: 42396 | B14: 42396 | C14: RONALDO TORRES SOBRAL | D14: 10X | E14: TOKIO | F14: 0.1 | G14: 498.9
A15: 42391 | B15: 42391 | C15: PAULO ROGERIO TEIXEIRA DA SILVA | D15: 6X | E15: MITSUI | F15: 0.1 | G15: 125.27
B16: 42398 | C16: FABIO FERNANDES COSTA | D16: 5X | E16: SUL AMÉRICA | F16: 0.1 | G16: 197.6
A17: 42397 | B17: 42397 | C17: GERSY ANTUNES DE ALMEIDA | D17: 9X | E17: TOKIO | F17: 0.15 | G17: 252.7
A18: VALOR TOTAL: | G18: =SUM(G2:G17) -> 3908.83 | H18: =SUM(H2:H17) -> 292.86

Sheet FEVEREIRO 2016
A1: DATA DA TRANS. | B1: VIGÊNCIA | C1: SEGURADO | D1: QNT. DE PARCELAS | E1: SEGURADORA | F1: % COMISSÃO | G1: VALOR DA COMISSÃO | H1: REPASSE COMISSÃO | I1: CORRETOR
A2: 42404 | B2: 42402 | C2: HUMBERTO MATIAS ALVES SILVA | D2: 4X | E2: PORTO | F2: 0.1 | G2: 203.91
A3: 42404 | B3: 42409 | C3: MARIA RISALVA TAVARES | D3: 4X | E3: AZUL | F3: 0.1 | G3: 217.61
A4: 42403 | B4: 42401 | C4: FRANCISCO JOSE MOREIRA | D4: 5X | E4: PORTO | F4: 0.1 | G4: 374.37
A5: 42417 | B5: 42417 | C5: MIRIAN RIBEIRO | D5: 8X | E5: SUL AMÉRICA | F5: 0.1 | G5: 187.16
A6: 42410 | B6: 42405 | C6: ADRINI CARLOS CORTEZ | D6: 3X | E6: AZUL | F6: 0.1 | G6: 138.13
A7: 42387 | B7: 42414 | C7: ELAINE CRISTINA DA SILVA | D7: 1X | E7: AZUL | F7: 0.1 | G7: 118.32
A8: 42412 | B8: 42413 | C8: MARIA APARECIDA ALVES NOGUEIRA | D8: 4X | E8: AZUL | F8: 0.1 | G8: 160.87
A9: 42415 | B9: 42414 | C9: MARIA APARECIDA DOMINGOS | D9: 4X | E9: AZUL | F9: 0.17 | G9: 234.19
A10: 42404 | B10: 42403 | C10: MARIA RISALVA TAVARES | D10: 4X | E10: AZUL | F10: 0.1 | G10: 217.61
B11: 42410 | C11: EMPRESARIAL IGREJA METODISTA | D11: 4X | E11: MARITIMA | F11: 0.25 | G11: 253.59
B12: 42411 | C12: NORBERTO DE SOUZA | D12: 6X | E12: MITSUI | F12: 0.1 | G12: 240.92
A13: 42410 | B13: 42412 | C13: LUCIANA APEZZATTO JOAQUIM UNGARELLO | D13: 6X | E13: TOKIO | F13: 0.1 | G13: 130.16
A14: 42417 | B14: 42417 | C14: MARCOS LEANDRO DA SILVA | D14: 4X | E14: HDI | F14: 0.15 | G14: 163.99
A15: 42419 | B15: 42419 | C15: ANTONIO SOARES DE CARVALHO | D15: 10X | E15: AZUL | F15: 0.1 | G15: 98.7
A16: 42422 | B16: 42422 | C16: ANGELA DOS SANTOS CARVALHO | D16: 4X | E16: AZUL | F16: 0.2 | G16: 364.66
A17: 42424 | B17: 42426 | C17: JOSE AMARO BATISTA | D17: 4X | E17: AZUL | F17: 0.15 | G17: 203.02
A18: 42424 | B18: 42424 | C18: ALISSON GONÇALVES DA SILVA | D18: 4X | E18: TOKIO | F18: 0.15 | G18: 343.52
A19: 42425 | B19: 42425 | C19: CELIA CLARICE DE MELO DEL CAMPO | D19: 6X | E19: MAPFRE | F19: 0.12 | G19: 141.93
B20: 42425 | C20: CRISLAINE VIEIRA RIBEIRO | D20: 10X | E20: AZUL | F20: 0.17 | G20: 126.93
A26: VALOR TOTAL: | G26: =SUM(G2:G25) -> 3919.59 | H26: =SUM(H2:H25) -> 0

Sheet MARÇO 2016
A1: DATA DA TRANS. | B1: VIGÊNCIA | C1: SEGURADO | D1: QNT. DE PARCELAS | E1: SEGURADORA | F1: % COMISSÃO | G1: VALOR DA COMISSÃO | H1: REPASSE COMISSÃO | I1: CORRETOR
A2: 42419 | B2: 42433 | C2: FABIO LUIS DO CARMO | D2: 4X | E2: AZUL | F2: 0.1 | G2: 156.73
A3: 42447 | B3: 42450 | C3: MARCIO DA SILVA CONCEIÇÃO CAVALCANTI | D3: 10X | E3: AZUL
A4: 42432 | B4: 42432 | C4: MARCELA DALTO AMMIRABILE | D4: 4X | E4: AZUL | F4: 0.1 | G4: 163.69
A5: 42443 | B5: 42443 | C5: ROBERTA GUACIRA DE SOUZA GOMES | D5: 4X | E5: AZUL | F5: 0.15 | G5: 208.63
A6: 42430 | B6: 42430 | C6: MONIKA ELISABETH JUNG MATRONI | D6: 4X | E6: AZUL | F6: 0.25 | G6: 390.44 | H6: 195.72 | I6: MAURO
A7: 42430 | B7: 42430 | C7: LUCIANA PIERONI COUTINHO | D7: 1X | E7: ITAÚ | F7: 0.1 | G7: 144.72
A8: 42438 | B8: 42438 | C8: JAILSON PEREIRA DA SILVA | D8: 4X | E8: PORTO | F8: 0.1 | G8: 262.46
A9: 42431 | B9: 42431 | C9: THIAGO TADEU DE LIMA | D9: 4X | E9: AZUL | F9: 0.1 | G9: 176.66
A10: 42435 | B10: 42435 | C10: EDSON BATISTA DE MORAES | D10: 7X | E10: AZUL | F10: 0.15 | G10: 244.63
A11: 42443 | B11: 42443 | C11: ADRIANA DA SILVA MONÇÃO BARROS | D11: 10X | E11: AZUL | F11: 0.23 | G11: 311.35
A12: 42433 | B12: 42433 | C12: JOHNNY GUIMARAES BISPO DIAS | D12: 2X | E12: AZUL | F12: 0.15 | G12: 128.95
A13: 42432 | B13: 42432 | C13: GISELE DOS SANTOS | D13: 4X | E13: HDI | F13: 0.1 | G13: 169.73
A14: 42444 | B14: 42444 | C14: VANDERLEI PEREIRA DE ALMEIDA | D14: 4X | E14: AZUL | F14: 0.2 | G14: 241.87
A15: 42443 | B15: 42443 | C15: JAILSON DE JESUS SANTOS | D15: 2X | E15: MITSUI | F15: 0.1 | G15: 125.78
A16: 42439 | B16: 42439 | C16: CARLOS ALBERTO PINTO | D16: 4X | E16: AZUL | F16: 0.1 | G16: 91.18
A17: 42437 | B17: 42437 | C17: PRISCILA MINGHETTI PERRUD | D17: 5X | E17: SUL AMÉRICA | F17: 0.2 | G17: 218.31
A18: 42436 | B18: 42436 | C18: MARCOS LEANDRO DA SILVA | D18: 4X | E18: AZUL | F18: 0.1 | G18: 133.19
B19: 42435 | C19: EDSON COSTA | D19: 4X | E19: AZUL | F19: 0.1 | G19: 104.1
B20: 42446 | C20: AQUINO IMOVEIS | D20: 4X | E20: ALLIANZ | F20: 0.1 | G20: 35.67
B21: 42450 | C21: JORGE LUIS DE MELO | D21: 4X | E21: AZUL | F21: 0.1 | G21: 138.65
B22: 42454 | C22: RENATA CARLA FAUSTINO DE MELO | D22: 4X | E22: AZUL | F22: 0.1 | G22: 191.62
B23: 42456 | C23: FLAVIA APARECIDA MORAIS MARTINS | D23: 6X | E23: MITSUI | F23: 0.1 | G23: 221.69
B24: 42451 | C24: CARLOS EDUARDO SILVA DE SOUZA | D24: 10X | E24: AZUL | F24: 0.1 | G24: 209.57
B25: 42445 | C25: SARA FERREIRA GUIMARAES | D25: 4X | E25: AZUL | F25: 0.1 | G25: 147
A26: 42456 | B26: 42457 | C26: ADRIANA ROCHA SOUTO GUZZI | D26: 5X | E26: PORTO | F26: 0.12 | G26: 233.26
A27: 42450 | B27: 42450 | C27: IGNACIO TOLOSA ITURRALDE NETO | D27: 4X | E27: PORTO | F27: 0.2 | G27: 358.82
B28: 42431 | C28: MIRIAN RIBEIRO | D28: 8X | E28: SUL AMÉRICA | F28: 0.1 | G28: 192.31
A29: VALOR TOTAL: | G29: =SUM(G2:G28) -> 5001.01 | H29: =SUM(H2:H28) -> 195.72

Sheet ABRIL 2016
A1: DATA DA TRANS. | B1: VIGÊNCIA | C1: SEGURADO | D1: QNT. DE PARCELAS | E1: SEGURADORA | F1: % COMISSÃO | G1: VALOR DA COMISSÃO | H1: REPASSE COMISSÃO | I1: CORRETOR
B2: 42845 | C2: POLYANA DE PAULA ALBUQUERQUE | D2: 4X | E2: HDI | F2: 0.1 | G2: 194.11
B3: 42837 | C3: ROGERIO SPAGIARI | D3: 10X | E3: ITAÚ | F3: 0.15 | G3: 114.01
A30: VALOR TOTAL: | G30: =SUM(G2:G29) -> 308.12 | H30: =SUM(H2:H29) -> 0

Sheet MAIO 2016
A1: DATA DA TRANS. | B1: VIGÊNCIA | C1: SEGURADO | D1: QNT. DE PARCELAS | E1: SEGURADORA | F1: % COMISSÃO | G1: VALOR DA COMISSÃO | H1: REPASSE COMISSÃO | I1: CORRETOR
B2: 42857 | C2: MARILOURDES ARAUJO LIMA NUNES | D2: 4X | E2: ITAÚ | F2: 0.1 | G2: 201.98
B3: 42860 | C3: ADILSON VENCESLAU BRAS | D3: 10X | E3: AZUL | F3: 0.1 | G3: 119.25
B4: 42861 | C4: FERNANDA DE CASSIA MAXIMINO DA COSTA- MULTICANAL | D4: 5X | E4: PORTO | F4: 0.1 | G4: 105.36
B5: 42864 | C5: MARCOS JOSE DA SILVA | D5: 4X | E5: AZUL | F5: 0.1 | G5: 92.87
B6: 42868 | C6: HUGO LIMA | D6: 4X | E6: AZUL | F6: 0.1 | G6: 105.99
B7: 14/05/2017 | C7: GEORGE DE OLIVIEIRA | D7: 1X | E7: PORTO | F7: 0.1 | G7: 178.17
B8: 42873 | C8: FRANCISCO ROLIM DE LIMA- MULTICANAL | D8: 1X | E8: PORTO | F8: 0.1 | G8: 63.52
B9: 42874 | C9: LEONARDO HENRIQUE MENDES- MULTICANAL | D9: 10X | E9: AZUL | F9: 0.25 | G9: 297.17
B10: 42875 | C10: EVANDRO VILARONGA RIOS | D10: 4X | E10: ITAÚ | F10: 0.25 | G10: 238.67
B11: 42879 | C11: FERNANDO ANTONIO DE OLIVEIRA | D11: 2X | E11: ITAÚ | F11: 0.15 | G11: 646.69
B12: 42879 | C12: ANA NAZARE ALCAIDE DOS SANTOS | D12: 4X | E12: BRADESCO | F12: 0.15 | G12: 178.99
B13: 42880 | C13: SEVERINO MIGUEL DA SILVA | D13: 8X | E13: AZUL | F13: 0.15 | G13: 244.9
B14: 42882 | C14: RODRIGO GONÇALVES DA SILVA | D14: 4X | E14: PORTO | F14: 0.22 | G14: 452.79
B15: 42884 | C15: UILSON GONÇALVES GUERRERO UNGARELLO | D15: 6X | E15: TOKIO | F15: 0.1 | G15: 187.77
B16: 42885 | C16: ERICA MARIA GOMES DE LIMA | D16: 4X | E16: AZUL | F16: 0.1 | G16: 219.98
A40: VALOR TOTAL: | G40: =SUM(G2:G39) -> 3334.1 | H40: =SUM(H11:H39) -> 0

Sheet JUNHO 2016
A1: DATA DA TRANS. | B1: VIGÊNCIA | C1: SEGURADO | D1: QNT. DE PARCELAS | E1: SEGURADORA | F1: % COMISSÃO | G1: VALOR DA COMISSÃO | H1: REPASSE COMISSÃO | I1: CORRETOR
B2: 42888 | C2: EDSON COSTA | D2: 4X | E2: HDI | F2: 0.1 | G2: 149.55
B3: 42889 | C3: ANDREZA PATRICIA LOPES PONTES | D3: 4X | E3: AZUL | F3: 0.1 | G3: 319.17
B4: 42890 | C4: WILSON DE SOUZA | D4: 4X | E4: AZUL | F4: 0.1 | G4: 128.67
B5: 42894 | C5: ERIVALDO DOS SANTOS | D5: 4X | E5: HDI | F5: 0.1 | G5: 220.19
B6: 42895 | C6: VALDIR PACHECO | D6: 10X | E6: ITAÚ | F6: 0.1 | G6: 83.06
B7: 42898 | C7: GABRIELA GONÇALVES BRITO | D7: 4X | E7: AZUL | F7: 0.1 | G7: 90.95
B8: 42898 | C8: JOSÉ GERALDO MOREIRA | D8: 3X | E8: MITSUI | F8: 0.15 | G8: 188.51
B9: 42898 | C9: ERICA MARIA GOMES DE LIMA | D9: 5X | E9: SUL AMÉRICA | F9: 0.1 | G9: 236.02
B10: 42900 | C10: EMMANUEL MARTINS DE ALBUQUERQUE | D10: 1X | E10: TOKIO | F10: 0.1 | G10: 107.72
B11: 42901 | C11: LUCIANO CARDOSO CARBONE- MULTI CANAL | D11: 4X | E11: PORTO | F11: 0.1 | G11: 100.07
B12: 42903 | C12: ERICA MARIA GOMES DE LIMA | D12: 6X | E12: MITSUI | F12: 0.2 | G12: 207.85
B13: 42906 | C13: CARLOS LOPES REY | D13: 4X | E13: AZUL | F13: 0.15 | G13: 101.45
... B17: 42910 | C17: NELSON NUNES DA SILVA | D17: 6X | E17: TOKIO | F17: 0.1 | G17: 137.3
A32: VALOR TOTAL: | G32: =SUM(G2:G31) -> 2358.8 | H32: =SUM(H2:H31) -> 0

Sheet JULHO 2016
A1: DATA DA TRANS. | B1: VIGÊNCIA | C1: SEGURADO | D1: QNT. DE PARCELAS | E1: SEGURADORA | F1: % COMISSÃO | G1: VALOR DA COMISSÃO | H1: REPASSE COMISSÃO | I1: CORRETOR
B2: 42917 | C2: RENATO DE JESUS LINS | D2: 1X | E2: AZUL | F2: 0.1 | G2: 174.52
B3: 42918 | C3: FRANCISCO WESLEY ALVES ALMEIDA RUFINO | D3: 5X | E3: PORTO | F3: 0.25 | G3: 346.85
B4: 42919 | C4: SUELI APARECIDA JORGE DE AEVEDO | D4: 4X | E4: AZUL | F4: 0.15 | G4: 220.43
B5: 42919 | C5: CLAUDIA REGINA DIAS | D5: 7X | E5: PORTO | F5: 11.76% | G5: 122.74
B6: 42921 | C6: FERNANDO SERGIO VIANA MACHADO | D6: 3X | E6: PORTO | F6: 0.1 | G6: 226.52
B7: 42923 | C7: GESIMARA DA COSTA MENDES | D7: 5X | E7: AZUL | F7: 0.15 | G7: 210.33
B8: 42923 | C8: ANSELMO DOS SANTOS UGARTE | D8: 10X | E8: AZUL | F8: 0.1 | G8: 112.29
B9: 42924 | C9: MATHEUS FONSECA DARDENGO BENTO | D9: 10X | E9: AZUL | F9: 0.1 | G9: 191.16
B10: 42924 | C10: MANOEL MAXIMINO LOPES FILHO | D10: 1X | E10: MITSUI | F10: 0.15 | G10: 181.9
B11: 42925 | C11: RAIMUNDO NONATO NUNES | D11: 6X | E11: MITSUI | F11: 0.2 | G11: 267.21
B12: 42927 | C12: SEGMAX | D12: 10X | E12: TOKIO | F12: 0.1 | G12: 282.86
B13: 42931 | C13: ANGELO MARIO ALVES NEVES | D13: 4X | E13: MITSUI | F13: 0.2 | G13: 213.77
B14: 42933 | C14: REGIANI APARECIDA GARDELLI DEL BUSSO | D14: 10X | E14: AZUL | F14: 0.15 | G14: 145.53
B15: 42931 | C15: ROBERTO CELESTINO DOS SANTOS | D15: 5X | E15: SUL AMÉRICA | F15: 0.1 | G15: 138.3
B16: 42931 | C16: DORIVAL MALHEIROS CARDOSO | D16: 4X | E16: SUL AMÉRICA | F16: 0.16 | G16: 456.05
B17: 42932 | C17: THAIS FREITAS DOS SANTOS SOUZA | D17: 6X | E17: MITSUI | F17: 0.2 | G17: 303.65
... B30: 42945 | C30: LEANDRO MAYCON SILVA- MULTI CANAL | D30: 4X | E30: ITAÚ | F30: 0.2 | G30: 387.76
A40: VALOR TOTAL: | G40: =SUM(G2:G39) -> 7116.54 | H40: =SUM(H2:H39) -> 0

Sheet AGOSTO 2016,
A1: DATA DA TRANS. | B1: VIGÊNCIA | C1: SEGURADO | D1: QNT. DE PARCELAS | E1: SEGURADORA | F1: % COMISSÃO | G1: VALOR DA COMISSÃO | H1: REPASSE COMISSÃO | I1: CORRETOR
B2: 42968 | C2: EDUARDO TORRES DA CUNHA | D2: 6X | E2: TOKIO | F2: 0.1 | G2: 107.98
B3: 42967 | C3: MARCO AURELIO DA SILVA | D3: 4x | E3: AZUL | F3: 0.25 | G3: 295.31
B4: 42964 | C4: MARTHA MARIA PEREIRA DE JESUS | D4: 6X | E4: TOKIO | F4: 0.17 | G4: 390.85
B5: 42961 | C5: MARCO ROBERTO ALENCAR SANTIAGO | D5: 4X | E5: AZUL | F5: 0.1 | G5: 149.09
B6: 42962 | C6: MAURICI AZEVEDO DO NASCIMENTO | D6: 4X | E6: PORTO | F6: 0.1 | G6: 338.58
B7: 42959 | C7: PAULO RAIMUNDO BAUEB | D7: 4X | E7: AZUL | F7: 0.1 | G7: 88.74
B8: 42956 | C8: PEDRO PAULA FARIA | D8: 4X | E8: AZUL | F8: 0.1 | G8: 87.02
B9: 42962 | C9: VALDEMIR SILVA ALMEIDA | D9: 10X | E9: AZUL | F9: 0.2 | G9: 224.9
B10: 42975 | C10: ALBERTO LINCOLN FERREIRA MALTA | D10: 4X | E10: AZUL | F10: 0.1 | G10: 138.31
B11: 42972 | C11: ROBERTA PRISCILA DA SILVA MARTINS | D11: 6X | E11: TOKIO | F11: 0.1 | G11: 91.09
B12: 42973 | C12: KELLY CRISTINA ACACIO VICENTE | D12: 5X | E12: SUL AMERICA | F12: 0.1 | G12: 144.31
B13: 42971 | C13: ALCIDESIO CAETANO DA SILVA | D13: 4X | E13: AZUL | F13: 0.2 | G13: 417.5
... B15: 42973 | C15: AQUINO EMPREENDIMENTOS | D15: 4X | E15: AZUL | F15: 0.1 | G15: 101.04
A37: VALOR TOTAL: | G37: =SUM(G2:G36) -> 2880.13 | H37: =SUM(H2:H36) -> 0

Sheet SETEMBRO 2016
A1: DATA DA TRANS. | B1: VIGÊNCIA | C1: SEGURADO | D1: QNT. DE PARCELAS | E1: SEGURADORA | F1: % COMISSÃO | G1: VALOR DA COMISSÃO | H1: REPASSE COMISSÃO | I1: CORRETOR
B2: 42979 | C2: NEYRE MACIEL SEIXAS | D2: 3X | E2: SUHAI | F2: 0.17 | G2: 411.9
B3: 42981 | C3: LUCIENE TEREZA DA SILVA | D3: 5x | E3: AZUL | F3: 0.1 | G3: 150.52
B4: 42982 | C4: JEFFERSON RODRIGUES | D4: 4X | E4: BRADESCO | F4: 0.15 | G4: 359.6
B5: 42993 | C5: ADJAILSON PONTES DA SILVA | D5: 4X | E5: HDI | F5: 0.1 | G5: 246.61
B6: 42988 | C6: SEGMAX TECNOLOGIA EM ARGAMASSSAS LTDA | D6: 4X | E6: BRADESCO | F6: 0.2 | G6: 382.13
B7: 42999 | C7: RAFAEL BRAULIO ROCHA | D7: 4X | E7: AZUL | F7: 0.1 | G7: 133.5
B8: 42986 | C8: RICARDO BENEDITO CALAIS JESUS | D8: 4X | E8: SOMPO | F8: 0.17 | G8: 128.55
B9: 42993 | C9: GENI APARECIDA DE OLIVEIRA | D9: 4X | E9: AZUL | F9: 0.19 | G9: 183.92
B10: 42993 | C10: JOSÉ MILTON REIS | D10: 1X | E10: MITSUI | F10: 0.25 | G10: 305.15 | I10: JEFFERSON
B11: 42990 | C11: LUCIANO DE LIMA ARAUJO | D11: 6X | E11: MITSUI | F11: 0.15 | G11: 117.66
B12: 43007 | C12: JOSÉ ROGEIRO MONTEIRO | D12: 4X | E12: AZUL | F12: 0.15 | G12: 169.36
B13: 42992 | C13: PAULO ROGERIO TEIXEIRA | D13: 4X | E13: AZUL | F13: 0.1 | G13: 88.5
B14: 42992 | C14: RONALDO TORRES SOBRAL | D14: 4X | E14: SUHAI | F14: 0.25 | G14: 683.18
B15: 42994 | C15: CONDOMINIO VILLAGGIO DE PANAMBY | D15: 4X | E15: BRADESCO | F15: 0.1 | G15: 204.78
B16: 42997 | C16: GILBERTO RODRIGUES MAGUETA | D16: 4X | E16: AZUL | F16: 0.25 | G16: 226.15
B17: 43002 | C17: PAULA REGINA BOTARO | D17: 6X | E17: SUL AMERICA | F17: 0.1 | G17: 182.21
B18: 43007 | C18: GENIVALDO ANTONIO DE OLIVEIRA | D18: 5X | E18: AZUL | F18: 0.1 | G18: 162.91
B19: 42999 | C19: JAQUELINE HENRIQUE SANTIAGO DOS SANTOS | D19: 4X | E19: AZUL | F19: 0.25 | G19: 325.81
B20: 43004 | C20: LEANDRO DE ALMEIDA CRISPIM ME | D20: 6X | E20: TOKIO | F20: 0.1 | G20: 249.03
B21: 43005 | C21: SEVERINO GOMES | D21: 4X | E21: AZUL | F21: 0.15 | G21: 167.8
B22: 43008 | C22: THAIS FERRE FAILA | D22: 4x | E22: AZUL | F22: 0.1 | G22: 149.53
... B25: 43008 | C25: REGIANE RHEIN TORRES SOBRAL | D25: 3X | E25: SUHAI | F25: 0.1 | G25: 183.37
A40: VALOR TOTAL: | G40: =SUM(G2:G39) -> 5544.05 | H40: =SUM(H2:H39) -> 0

Sheet OUTUBRO 2016
A1: DATA DA TRANS. | B1: VIGÊNCIA | C1: SEGURADO | D1: QNT. DE PARCELAS | E1: SEGURADORA | F1: % COMISSÃO | G1: VALOR DA COMISSÃO | H1: REPASSE COMISSÃO | I1: CORRETOR
B2: 43009 | C2: FRANCISCO DAS CHAGAS FERREIRA DE LIMA | D2: 5X | E2: SUL AMERICA | F2: 0.1 | G2: 509.04
B3: 43011 | C3: MARIA MARGARIDA DA SILVA | D3: 4X | E3: HDI | F3: 0.1 | G3: 164.32
B4: 43013 | C4: SUEMARY LOPES DE BARROS | D4: 4X | E4: AZUL | F4: 0.1 | G4: 109.17
B5: 43013 | C5: JEFFERSON DE AMBROSIO DA CONCEIÇÃO | D5: 12X | E5: SUHAI | F5: 0.2 | G5: 317.91
B6: 43018 | C6: MARLUCE DOS SANTOS MARTINS | D6: 3X | E6: AZUL | F6: 0.15 | G6: 230.16
B7: 43020 | C7: MARCOS LEANDRO DA SILVA | D7: 4X | E7: AZUL | F7: 0.2 | G7: 243.38
B8: 43018 | C8: REGINA CRISTINA LEITE PEREIRA | D8: 3X | E8: SUL AMERICA | F8: 0.1 | G8: 92.79
B9: 43019 | C9: ALEX GONÇALVES DE ANDRADE | D9: 4X | E9: AZUL | F9: 0.15 | G9: 242.73
B10: 43021 | C10: NEUSA APARECIDA DE ARAUJO | D10: 4x | E10: SOMPO | F10: 0.1 | G10: 184.06 | H10: 92.03 | I10: CARLINHOS
B11: 43027 | C11: ADJAILSON PONTES DA SILVA | D11: 12X | E11: PORTO RASTR | F11: TAXA ÚNICA | G11: 150
B12: 43030 | C12: ANNA CLAUDIA ARENA SIQUEIRA DIAS | D12: 4X | E12: AZUL | F12: 0.1 | G12: 108.66
B13: 43022 | C13: JULIANA MAITAN BITTENCOURT | D13: 4X | E13: PORTO | F13: 0.15 | G13: 266.2
B14: 43030 | C14: JOSE DERNIVAL DOS SANTOS FILHO | D14: 8X | E14: BRADESCO | F14: 0.1 | G14: 161.97
B15: 43029 | C15: FRANCISCO GOMES NETO | D15: 10X | E15: PORTO | F15: 0.1 | G15: 218.11
B16: 43034 | C16: WALTER PEREIRA DE ALMEIDA | D16: 10X | E16: AZUL | F16: 0.25 | G16: 351.51
B17: 43033 | C17: JANIO DUTRA DA SILVA | D17: 10X | E17: SUHAI | F17: 0.1 | G17: 120.6
B18: 43036 | C18: ARLETE FERREIRA LIMA | D18: 6X | E18: MITSUI | F18: 0.225 | G18: 323.75
B19: 43037 | C19: CLAUS WILLIAM SHULZE | D19: 6X | E19: TOKIO | F19: 0.13 | G19: 102.85
B20: 43039 | C20: ARNALDO FARIAS FILHO | D20: 6X | E20: TOKIO | F20: 0.1 | G20: 126.53
B21: 43039 | C21: EDILENE ROSA DE ARAUJO | D21: 10X | E21: SUL AMERICA | F21: 0.13 | G21: 172.47
B22: 43036 | C22: CAIO BRUNO BATALZAR | D22: 12X | E22: PORTO RASTR | F22: TAXA ÚNICA | G22: 150
A39: VALOR TOTAL: | G39: =SUM(G2:G38) -> 4346.21 | H39: =SUM(H2:H38) -> 92.03

Sheet NOVEMBRO 2016
A1: DATA DA TRANS. | B1: VIGÊNCIA | C1: SEGURADO | D1: QNT. DE PARCELAS | E1: SEGURADORA | F1: % COMISSÃO | G1: VALOR DA COMISSÃO | H1: REPASSE COMISSÃO | I1: CORRETOR
B2: 43055 | C2: TARCISIO ANTONIO VALENTIM | D2: 1X | E2: PORTO | F2: 0.1 | G2: 143.03
B3: 43044 | C3: FERNANDA GONZALES DE LIMA | D3: 6X | E3: MITSUI | F3: 0.25 | G3: 333.43
B4: 43050 | C4: ADEMIR CYRINO GARCIA | D4: 4X | E4: AZUL | F4: 0.15 | G4: 177.05
B5: 43051 | C5: WILLIAN ANTONIO DE GUEDES | D5: 6X | E5: BRADESCO | F5: 0.1 | G5: 337.48
B6: 43049 | C6: ALEX SANDRO BRAGATO | D6: 6X | E6: MITSUI | F6: 0.1 | G6: 184.97
B7: 43051 | C7: SEBASTIAO MARCIO CAPELO | D7: 4X | E7: AZUL | F7: 0.21 | G7: 195.27
B8: 09/11/2017 | C8: ANDREZA PATRICIA LOPES PONTES | D8: 4X | E8: AZUL | F8: 0.1 | G8: 405.42
B9: 43046 | C9: ROSANA ARAKAKI GUIMARAES | D9: 5X | E9: PORTO | F9: 0.1 | G9: 333.35
B10: 43050 | C10: MARIA TOSHIKO OKADA | D10: 4X | E10: AZUL | F10: 0.13 | G10: 150.63
B11: 43061 | C11: FLAVIA RUBIA DE PAULA | D11: 4X | E11: AZUL | F11: 0.1 | G11: 146.08
B12: 43055 | C12: ANDERSON CLAYTON DA SILVA | D12: 12X | E12: ITURAN | F12: TAXA ÚNICA | G12: 300
B13: 43060 | C13: AILTON ROCHA GONÇALVES | D13: 2X | E13: AZUL | F13: 0.155 | G13: 320.07
B14: 43058 | C14: LUCIENE APARECIDA PANSARIN MEIRELES | D14: 4X | E14: AZUL | F14: 0.1 | G14: 115.71
B15: 43055 | C15: SEVERINO BERNARDO DA SILVA | D15: 4X | E15: AZUL | F15: 0.2 | G15: 185.4
B16: 43063 | C16: ENOQUE RAIMUNDO DE OLIVEIRA | D16: 4X | E16: AZUL | F16: 0.16 | G16: 125.32
B17: 43064 | C17: ESTANILAU SEVERINO DE ARRUDA JUNIOR | D17: 4X | E17: PORTO | F17: 0.1 | G17: 116.79
B18: 43065 | C18: ERIKA DIAS LIMA | D18: 4X | E18: AZUL | F18: 0.1 | G18: 148.47
A40: VALOR TOTAL: | G40: =SUM(G2:G39) -> 3718.47 | H40: =SUM(H2:H39) -> 0

Sheet Dezembro 2016
A1: DATA DA TRANS. | B1: VIGÊNCIA | C1: SEGURADO | D1: QNT. DE PARCELAS | E1: SEGURADORA | F1: % COMISSÃO | G1: VALOR DA COMISSÃO | H1: REPASSE COMISSÃO | I1: CORRETOR
B2: 43071 | C2: ORLANDO BERNARDES FAUSTINO | D2: 4X | E2: ITAU | F2: 0.1 | G2: 108.7
B3: 43073 | C3: DANIELA AVELINO CUNHA ANDRADE | D3: 1X | E3: MITSUI | F3: 0.12 | G3: 184.47
B4: 43072 | C4: ALEXANDRA SEREICIKAS DE SOUZA LIMA | D4: 1X | E4: AZUL | F4: 0.15 | G4: 177.66
B5: 43071 | C5: RUBENS RODRIGO FRANCO DA SILVA | D5: 12X | E5: PORTO RASTR | F5: TAXA ÚNICA | G5: 150
B6: 43071 | C6: FABIO NONATO MARTINES | D6: 11X | E6: SUHAI | F6: 0.25 | G6: 179.18
B7: 43078 | C7: ANA MARIA SOTERO LIMA | D7: 4X | E7: AZUL | F7: 0.1 | G7: 157.41
B8: 43074 | C8: LUZIA BARBOSA | D8: 10X | E8: MITSUI | F8: 0.1 | G8: 185.28
B9: 43074 | C9: JOCITON PEREIRA DA CONCEIÇÃO | D9: 12X | E9: ITURAN | F9: TAXA ÚNICA | G9: 150
B10: 43081 | C10: MARCELO PAULO DE OLIVEIRA | D10: 8X | E10: MITSUI | F10: 0.1 | G10: 265.13
B11: 43076 | C11: CRYSTIAN FELIX DA SILVA | D11: 10X | E11: SUHAI | F11: 0.17 | G11: 123.24
B12: 43089 | C12: PAULO RAIMUNDO BAUEB | D12: 1X | E12: AZUL | F12: 0.13 | G12: 135.3
B13: 43083 | C13: ESTANISLAU SEVERINO DE ARRUDA JUNIOR | D13: 5X | E13: AZUL | F13: 0.14 | G13: 184.89
B14: 42780 | C14: GERSON FONSECA MENDES | D14: 4X | E14: ITAU | F14: 0.1 | G14: 221.08
B15: 43087 | C15: RAFAEL CUNHA DO NASCIMENTO | D15: 1X | E15: HDI | F15: 0.2 | G15: 332.39
B16: 43092 | C16: SUELI GOMES JURAS | D16: 4X | E16: AZUL | F16: 0.16 | G16: 204.65
B17: 43092 | C17: WALTER LUIZ DOS SANTOS JUNIOR | D17: 3X | E17: SUL AMERICA | F17: 0.1 | G17: 116.95
B18: 43088 | C18: ALEXANDRE ALFREDO LAMEIRAO | D18: 1X | E18: HDI | F18: 0.1 | G18: 218.79
B19: 43084 | C19: SOLANGE ALMEIDA RODRIGUES | D19: 4X | E19: AZUL | F19: 0.1 | G19: 130.38
B20: 43084 | C20: MARCELO DOS SANTOS BUSTO | D20: 4X | E20: AZUL | F20: 0.1 | G20: 114.77
B21: 43092 | C21: MANOELINA MARIA MARTINS | D21: 7X | E21: HDI | F21: 0.19 | G21: 278.14
... B30: 43097 | C30: CAMILA APARECIDA DE LIMA | D30: 4X | E30: AZUL | F30: 0.1 | G30: 133.87
A38: VALOR TOTAL: | G38: =SUM(G2:G37) -> 5464.71 | H38: =SUM(H2:H37) -> 0

Sheet Janeiro 2017
A1: DATA DA TRANS. | B1: VIGÊNCIA | C1: SEGURADO | D1: QNT. DE PARCELAS | E1: SEGURADORA | F1: % COMISSÃO | G1: VALOR DA COMISSÃO | H1: REPASSE COMISSÃO | I1: CORRETOR
B2: 43103 | C2: OSVALDO GONÇALVES DE ALMEIDA SOUZA | D2: 4X | E2: AZUL | F2: 0.1 | G2: 140.24
B3: 43106 | C3: ADRIANA MARIA PEREIRA | D3: 1X | E3: AZUL | F3: 0.16 | G3: 248.92
B4: 43463 | C4: JOSE LUIZ CABRAL DOS ANJOS | D4: 4X | E4: PORTO | F4: 0.1 | G4: 166.17
B5: 43109 | C5: CAROLINA DELBOUX MINUCHI | D5: 1X | E5: AZUL | F5: 23.5% | G5: 277.44 | H5: 138.72 | I5: VICTOR
B6: 43108 | C6: KATIA REGINA DA SILVA | D6: 4X | E6: PORTO | F6: 0.15 | G6: 376.67
B7: 43108 | C7: MARCOS RODRIGUES DOS SANTOS | D7: 4X | E7: MITSUI | F7: 0.19 | G7: 182.96 | H7: 91.48 | I7: MAURO
B8: 43105 | C8: ANTONIO CESAR ESTEVES | D8: 4X | E8: MITSUI | F8: 24.5% | G8: 370.84 | H8: 185.42 | I8: JORGE
B9: 43106 | C9: AILSON PONTES DA SILVA | D9: 12X | E9: ITURAN | F9: TAXA ÚNICA | G9: 250
B10: 43110 | C10: LUANA CARLA MARQUES | D10: 1X | E10: AZUL | F10: 0.1 | G10: 161.24
B11: 43112 | C11: ROSANA CLAUDIA FAUSTINO | D11: 4X | E11: AZUL | F11: 0.15 | G11: 225.24
B12: 43111 | C12: ALEXANDRE ALFREDO LAMEIRAO | D12: 1X | E12: HDI | F12: 15.5% | G12: 168.44
B13: 43122 | C13: CARLOS ALBERTO ROQUE DOS SANTOS | D13: 10X | E13: AZUL | F13: 0.25 | G13: 290.56
B14: 43117 | C14: CAIO FELLIPE DA CRUZ | D14: 4X | E14: AZUL | F14: 0.15 | G14: 379.8
B15: 43067 | D15: 4X | E15: AZUL | F15: 0.1 | G15: 96.1
B16: 43117 | C16: FABIO MYAMOTO FLOR | D16: 12X | E16: ITURAN | F16: TAXA ÚNICA | G16: 300
B17: 43117 | C17: FABIO MYAMOTO FLOR | D17: 12X | E17: ITURAN | F17: TAXA ÚNICA | G17: 150
B18: 43122 | C18: GEANE SALVIANO TEPERINO AVILA | D18: 4X | E18: HDI | F18: 0.1 | G18: 158.2
B19: 43116 | C19: WILLIAN MARCILIO ROBEIRO DA SILVA | D19: 10X | E19: AZUL | F19: 0.1 | G19: 258.05
B20: 43120 | C20: SERGIO MELLO RAMALHO DE CARVALHO | D20: 10X | E20: MITSUI | F20: 0.19 | G20: 236.25 | H20: 118.12 | I20: MAURO
B21: 43122 | C21: MIRIA CORREA PEREIRA | D21: 6X | E21: ALLIANZ | F21: 0.1 | G21: 227.71
B22: 43125 | C22: JEFFERSON RODRIGUES | D22: 5X | E22: PORTO | F22: 0.1 | G22: 337.71
A38: VALOR TOTAL: | G38: =SUM(G2:G37) -> 5002.54 | H38: =SUM(H2:H37) -> 533.74

Sheet Fevereiro 2017
A1: DATA DA TRANS. | B1: VIGÊNCIA | C1: SEGURADO | D1: QNT. DE PARCELAS | E1: SEGURADORA | F1: % COMISSÃO | G1: VALOR DA COMISSÃO | H1: REPASSE COMISSÃO | I1: CORRETOR
B2: 43133 | C2: HUMBERTO MATIAS ALVES SILVA | D2: 4X | E2: PORTO | F2: 0.1 | G2: 225.59
B3: 43132 | C3: FRANCISCO JOSE MOREIRA | D3: 5X | E3: PORTO | F3: 0.12 | G3: 441.36
B4: 43132 | C4: FOX REPRESENTAÇÕES LTDA | D4: 4X | E4: SUL AMERICA | F4: 0.15 | G4: 665.49
B5: 43134 | C5: ROSICLEA TAVARES SANTOS | D5: 4X | E5: PORTO | F5: 0.1 | G5: 222.68
B6: 43137 | C6: JULYA RHEIN TORRES SOBRAL | D6: 4X | E6: SUL AMERICA | F6: 20,1.% | G6: 512.51
A7: EMPRESARIAL | B7: 43136 | C7: PRIMO CACAU COMERCIO DE BOBONS E CHOCOLATES LTDA | D7: 4X | E7: BRADESCO | F7: 0.2 | G7: 135.73
A8: EMPRESARIAL | B8: 43141 | C8: IGREJA METODISTA | D8: 1X | E8: SOMPO | F8: 0.22 | G8: 250.64
B9: 43144 | C9: MARIA APARECIDA ALVES NOGUEIRA | D9: 4X | E9: AZUL | F9: 0.1 | G9: 173.98
B10: 43140 | C10: ANDREA APARECIDA DANTAS BATISTA | D10: 4X | E10: ALLIANZ | F10: 0.1 | G10: 147.33
B11: 43136 | C11: ADRINI CARLOS CORTEZ | D11: 3X | E11: AZUL | F11: 0.1 | G11: 167.04
B12: 43141 | C12: NELSON VICENTE DE PAULA | D12: 4X | E12: MITSUI | F12: 0.1 | G12: 109.4
B13: 43144 | C13: FERNANDO NONATO MARTINES | D13: 12X | E13: ITURAN | F13: TAXA ÚNICA | G13: 300
B14: 43145 | C14: ELAINE CRISTINA DA SILVA | D14: 5X | E14: SUL AMERICA | F14: 0.1 | G14: 82.88
B15: 43157 | C15: KARYN LAIS ALVES | D15: 1X | E15: AZUL | F15: 0.15 | G15: 248.83
B16: 43150 | C16: ANTONIO SOARES DE CARVALHO | D16: 10X | E16: AZUL | F16: 0.13 | G16: 123.83
B17: 42783 | C17: KATIA REGINA DA SILVA | D17: 4X | E17: AZUL | F17: 0.1 | G17: 102.96
B18: 43145 | C18: MARIA APARECIDA DOMINGOS | D18: 4X | E18: AZUL | F18: 0.1 | G18: 127.28
B19: 43152 | C19: JOSE LUIZ VIANA | D19: 4X | E19: PORTO | F19: 0.15 | G19: 573.87
B20: 43153 | C20: ANGELA DOS SANTOS CARVALHO | D20: 4X | E20: AZUL | F20: 0.1 | G20: 166.29
A21: ENDOSSO | B21: 42918 | C21: RENATO DE JESUS LINS | D21: 1X | E21: AZUL | F21: 0.24 | G21: 147.72
B22: 42790 | C22: ALISSON GONÇALVES DA SILVA | D22: 4X | E22: TOKIO | F22: 0.15 | G22: 323.98
B23: 42792 | C23: JOSE AMARO BATISTA | D23: 4X | E23: AZUL | F23: 0.11 | G23: 149.26
B24: 43156 | C24: CELIA CLARICE DE MELO DEL CAMPO | D24: 10X | E24: MAPFRE | F24: 0.12 | G24: 154.7
A36: VALOR TOTAL: | G36: =SUM(G2:G35) -> 5553.35 | H36: =SUM(H2:H35) -> 0

Sheet Março 2017
A1: DATA DA TRANS. | B1: VIGÊNCIA | C1: SEGURADO | D1: QNT. DE PARCELAS | E1: SEGURADORA | F1: PREMIO BRUTO | G1: % COMISSÃO | H1: VALOR DA COMISSÃO | I1: REPASSE COMISSÃO | J1: CORRETOR
B2: 43165 | C2: EDSON COSTA | D2: 4X | E2: SUL AMERICA | F2: 1179.67 | G2: 0.2 | H2: 237.56
B3: 43162 | C3: MARCELA DALTO AMMIRABILE | D3: 4X | E3: ITAU | F3: 1736.08 | G3: 0.17 | H3: 258.35
B4: 43163 | C4: FABIO LUIS DO CARMO | D4: 1X | E4: AZUL | F4: 1954.18 | G4: 0.15 | H4: 256.6
B5: 43160 | C5: LUCIANA PIERONI COUTINHO | D5: 4X | E5: ITAU | F5: 1723.29 | G5: 0.1 | H5: 150.85
B6: 43161 | C6: NEIDE SUELY WETZKER | D6: 1X | E6: AZUL | F6: 1873.46 | G6: 0.14 | H6: 229.96
B7: 43176 | C7: JOAO LUIZ DE OLIVEIRA QUIM | D7: 4X | E7: AZUL | F7: 2429.94 | G7: 0.1 | H7: 212.71
B8: 43166 | C8: MARCOS LEANDRO DA SILVA | D8: 4X | E8: AZUL | F8: 1587.77 | G8: 0.1 | H8: 138.99
B9: 43161 | C9: MIRIAN RIBEIRO | D9: 8X | E9: SUL AMERICA | F9: 2176.9 | G9: 0.15 | H9: 256.37
B10: 43165 | C10: EDSON BATISTA DE MORAES | D10: 7X | E10: AZUL | F10: 1684.29 | G10: 0.17 | H10: 232.24
B11: 43162 | C11: JOHNNY GUIMARAES BISPO DIAS | D11: 4X | E11: AZUL | F11: 1253.09 | G11: 0.1 | H11: 109.69
B12: 43165 | C12: AILSON PONTES DA SILVA | D12: 10X | E12: AZUL | F12: 2479.54 | G12: 0.1 | H12: 187.49
B13: 43165 | C13: ERIKA DIAS LIMA | D13: 6X | E13: MAPFRE | F13: 3593.07 | G13: 0.1 | H13: 314.53
B14: 43166 | D14: 1X | E14: PORTO | F14: 615.97 | G14: 0.16 | H14: 86.27
B15: 43167 | C15: PRISCILA MINGHETI PERRUD | D15: 5X | E15: SUL AMERICA | F15: 1621.58 | G15: 0.1 | H15: 152.42
B16: 43168 | C16: GISELE DOS SANTOS DE ANDRADE | D16: 4X | E16: HDI | F16: 1600.73 | G16: 0.1 | H16: 140.12
B17: 43169 | C17: CARLOS ALBERTO PINTO | D17: 3X | E17: AZUL | F17: 1109.92 | G17: 0.1 | H17: 97.16
B18: 43173 | C18: MARIA SOCORRO LIMA DE SOUZA | D18: 3X | E18: SOMPO | F18: 2703.75 | G18: 0.1 | H18: 254.15
B19: 43174 | C19: DIOGO SILVEIRA BENICIO | D19: 1X | E19: AZUL | F19: 1661.89 | G19: 0.18 | H19: 261.86 | I19: 130.93 | J19: MARA
B20: 43173 | C20: MARCIO DA CONCEIÇÃO CAVALCANTI | D20: 10X | E20: AZUL | F20: 1112.18 | G20: 0.25 | H20: 243.39
B21: 43173 | D21: 1X | E21: PORTO | F21: 153.99 | G21: 0.16 | H21: 23
B22: 43174 | C22: THIAGO TADEU DE LIMA | D22: 4X | E22: BRADESCO | F22: 2194.98 | G22: 0.1 | H22: 192.14
B23: 43174 | C23: VANDERLEI PEREIRA DE ALMEIDA | D23: 4X | E23: AZUL | F23: 1335.83 | G23: 0.1 | H23: 116.93
B24: 43182 | C24: PAULO REMILTON PEREIRA DA FONSECA | D24: 1X | E24: PORTO | F24: 1811.72 | G24: 0.1 | H24: 166.59
B25: 43180 | C25: JORGE LUIZ DE MELO | D25: 4X | E25: MITSUI | F25: 1689.21 | G25: 0.1 | H25: 147.87
B26: 43180 | C26: IGNACIO TOLOSA ITARRULDE NETO | D26: 4X | E26: PORTO | F26: 2016.11 | G26: 0.17 | H26: 300.03
B27: 43181 | C27: DENISSON TAVARES SANTOS | D27: 6X | E27: TOKIO | F27: 1366.06 | G27: 0.1 | H27: 119.56
B28: 43181 | C28: IOD EMBALAGENS LTDA | D28: 4X | E28: ITAU | F28: 2998.47 | G28: 0.1 | H28: 262.48
B29: 43183 | C29: ANA CARLA ARAUJO DE SOUZA | D29: 1X | E29: AZUL | F29: 1720.54 | G29: 0.2 | H29: 301.23
B30: 43181 | C30: CARLOS EDUARDO SILVA DE SOUZA | D30: 10X | E30: AZUL | F30: 3155.33 | G30: 0.11 | H30: 259.83
B31: 43134 | D31: 4X | E31: PORTO | F31: 1820.07 | G31: 0.1 | H31: 159.32
B32: 43184 | C32: RENATA CARLA FAUSTINO | D32: 4X | E32: AZUL | F32: 2378.03 | G32: 0.1 | H32: 208.17
B33: 43184 | C33: SUSAN KEYNE CORREA DE LIMA | D33: 4X | E33: AZUL | F33: 1516.43 | G33: 0.11 | H33: 146.02
B34: 43187 | D34: 10X | E34: PORTO | F34: 572.93 | G34: 0.1 | H34: 57.82
B35: 43188 | C35: RITA DE CASSIA MENDES | D35: 4X | E35: AZUL | F35: 1426.7 | G35: 0.12 | H35: 149.87
B36: 43165 | D36: 10X | E36: AZUL | F36: 2178.69 | G36: 0.1 | H36: 163.1
B37: 43190 | C37: GEOVANE DA SILVA SANTOS | D37: 10X | E37: AZUL | F37: 1666.01 | G37: 0.2 | H37: 251.95
B38: 43187 | C38: ADRIANA ROCHA SOUTO GUZZI | D38: 12X | E38: PORTO | F38: 2133.22 | G38: 0.1 | H38: 186.74
B39: 43165 | C39: JEFFERSON DE AMBOROSIO | D39: 12X | E39: ITURAN | G39: TAXA ÚNICA | H39: 50
A40: VALOR TOTAL: | F40: =SUM(F2:F39) -> 66231.62 | H40: =SUM(H2:H39) -> 7083.36 | I40: =SUM(I2:I39) -> 130.93

Sheet Abril 2017
A1: DATA DA TRANS. | B1: VIGÊNCIA | C1: SEGURADO | D1: QNT. DE PARCELAS | E1: SEGURADORA | F1: PREMIO BRUTO | G1: % COMISSÃO | H1: VALOR DA COMISSÃO | I1: REPASSE COMISSÃO | J1: CORRETOR
B2: 43191 | C2: VINICIUS ALEXANDRE PATROCIONIO | D2: 1X | E2: AZUL | F2: 847.66 | G2: 0.1 | H2: 74.2
B3: 43192 | C3: FRANCISCO PAIVA FREITAS | D3: 6X | E3: AZUL | F3: 1096.99 | G3: 0.2 | H3: 192.06
B4: 43191 | C4: OBED RODRIGUES LEMOS | D4: 5X | E4: PORTO | F4: 1411.84 | G4: 0.1 | H4: 123.59
B5: 43212 | C5: RENATO LEITE RODRIGUES | D5: 1X | E5: SUL AMERICA | F5: 2051.61 | G5: 0.115 | H5: 206.53
B6: 43206 | C6: ANDRESA GONÇALVESA DA SILVA | D6: 12X | E6: ITURAN | F6: 928.8 | G6: TAXA ÚNICA | H6: 150
B7: 43204 | C7: GABRIEL AURICHIO RODRIGUES | D7: 5X | E7: SUL AMERICA | F7: 3336.39 | G7: 0.1 | H7: 292.06
B8: 43199 | C8: RODRIGO CARRERAS DE OLIVEIRA MOTA | D8: 4X | E8: AZUL | F8: 2680.34 | G8: 0.1 | H8: 234.63
B9: 43208 | C9: YGOR DE SOUZA FERES | D9: 12x | E9: ITURAN | F9: 1846.8 | G9: TAXA ÚNICA | H9: 150
B10: 43204 | C10: CASSIA CRISTINA DE CARVALHO BRAZILINO | D10: 5X | E10: PORTO | F10: 1100.03 | G10: 0.15 | H10: 144.44
B11: 43207 | C11: DENYSE VIEGAS SILVERIO | D11: 7X | E11: HDI | F11: 3326.53 | G11: 0.1 | H11: 256.16
B12: 43209 | C12: ANDREZA PATRICIA LOPES PONTES | D12: 5X | E12: PORTO | F12: 5386.33 | G12: 0.1 | H12: 471.51
B13: 43209 | C13: GABRIELA GONÇALVES BRITO | D13: 4X | E13: PORTO | F13: 1598.45 | G13: 0.16 | H13: 223.88
B14: 43212 | C14: KARINA YUMI KATSUURA | D14: 4X | E14: MITSUI | F14: 957 | G14: 0.1 | H14: 83.77
B15: 43210 | C15: POLYANA DE PAULA ALBUQUERQUE | D15: 4X | E15: HDI | F15: 2217.41 | G15: 0.13 | H15: 252.34
B16: 43214 | C16: ALVARO LUIZ MANCHO | D16: 1X | E16: SUL AMERICA | F16: 1507.11 | G16: 0.12 | H16: 128.43
B17: 43220 | C17: ANTONIO GISLANIO JATAI LOYOLA | D17: 4X | E17: AZUL | F17: 3058.93 | G17: 0.1 | H17: 267.77
B18: 43218 | C18: FAUZI BUTROS | D18: 4X | E18: HDI | F18: 4874.8 | G18: 0.14 | H18: 597.43
B19: 43220 | C19: BEATRIZ FREIRE DE CARVALHO TOLOSA | D19: 4X | E19: PORTO | F19: 1254.08 | G19: 0.125 | H19: 137.22
A39: VALOR TOTAL: | F39: =SUM(F2:F38) -> 39481.1 | H39: =SUM(H2:H38) -> 3986.02 | I39: =SUM(I2:I38) -> 0

Sheet Maio 2017
A1: DATA DA TRANS. | B1: VIGÊNCIA | C1: SEGURADO | D1: QNT. DE PARCELAS | E1: SEGURADORA | F1: PREMIO BRUTO | G1: % COMISSÃO | H1: VALOR DA COMISSÃO | I1: REPASSE COMISSÃO | J1: CORRETOR
B2: 43222 | C2: HUMBERTO ANTONIO BARONI | D2: 10x | E2: AZUL | F2: 1330.5 | G2: 0.17 | H2: 198
B3: 43222 | C3: MARILOURDES ARAUJO LIMA NUNES | D3: 4X | E3: ITAÚ | F3: 2238.35 | G3: 0.17 | H3: 333.1
B4: 43225 | C4: ADILSON VENCESLAU BRAS | D4: 10X | E4: TOKIO | F4: 1556.2 | G4: 0.13 | H4: 140.77
B5: 43224 | C5: ORLANDO BERNARDES FAUSTINO | D5: 4X | E5: BRADESCO | F5: 1869.55 | G5: 0.1 | H5: 163.65
B6: 43224 | C6: ISSAMU LUIZ SIMOURA | D6: 10X | E6: SUL AMERICA | F6: 1532.53 | G6: 0.1 | H6: 134.15
B7: 43229 | C7: CAROLINE CONCEIÇÃO DEGAN | D7: 5X | E7: PORTO | F7: 1232.25 | G7: 0.15 | H7: 161.8
B8: 43226 | C8: FERNANDA DE CASSIA MAXIMINO DA COSTA | D8: 5X | E8: PORTO | F8: 1456.6 | G8: 0.17 | H8: 316.76
B9: 43229 | C9: MARCOS JOSE DA SILVA | D9: 4X | E9: AZUL | F9: 1065.92 | G9: 0.1 | H9: 93.31
B10: 43230 | C10: M TOYOTA NEGOCIOS IMOBILIARIOS LTDA | D10: 6X | E10: TOKIO | F10: 1149.79 | G10: 0.1 | H10: 108.08
B11: 43232 | C11: LUCCAS SILVA DOS SANTOS | D11: 12X | E11: ITURAN | F11: 1282.8 | G11: TAXA ÚNICA | H11: 250
B12: 43234 | C12: GEORGE DE OLIVEIRA | D12: 1X | E12: PORTO | F12: 1881.01 | G12: 0.17 | H12: 296.39
B13: 43233 | C13: HUGO LIMA | D13: 4X | E13: AZUL | F13: 1319.45 | G13: 0.1 | H13: 115.5
B14: 43232 | C14: RAMON RODRIGUES DA SILVA | D14: 12X | E14: SUHAI | F14: 1352.57 | G14: 0.1 | H14: 91.82
B15: 43236 | C15: JAILTON ROSA DE SOUZA JUNIOR | D15: 12X | E15: ITURAN | F15: 2818.8 | G15: TAXA ÚNICA | H15: 300
B16: 43235 | C16: ALAOR GONCALVES DIAS | D16: 6X | E16: AZUL | F16: 2489.1 | G16: 0.1 | H16: 210.77
B17: 43241 | C17: EMERSON AMARINHO DE ARAUJO | D17: 4X | E17: AZUL | F17: 1853.12 | G17: 0.1 | H17: 162.22
B18: 43237 | C18: GERALDO AMARINHO DE ARAUJO | D18: 10X | E18: AZUL | F18: 1733.81 | G18: 0.1 | H18: 129.79
B19: 43240 | C19: EVANDRO VILARONDA RIOS | D19: 10X | E19: ITAU | F19: 1073.5 | G19: 0.15 | H19: 140.95
B20: 43241 | C20: MARCIA LOPES DE SOUZA | D20: 4X | E20: AZUL | F20: 1665.33 | G20: 0.1 | H20: 145.78
B21: 43243 | C21: EVANDRO FERREIRA DA COSTA | D21: 6X | E21: AZUL | F21: 1213.4 | G21: 0.22 | H21: 233.68
B22: 43242 | D22: 1X | E22: PORTO | F22: 180.97 | G22: 0.3 | H22: 47.52
B23: 43244 | C23: ANA NAZARE ALCAIDE DOS SANTOS | D23: 10X | E23: BRADESCO | F23: 1651.15 | G23: 0.1 | H23: 121.92
B24: 43249 | C24: UILSON GONÇALVES UNGARELLO | D24: 6X | E24: HDI | F24: 2513.33 | G24: 0.1 | H24: 197.64
B25: 43247 | C25: RODRIGO GONÇALVES DA SILVA | D25: 5X | E25: ITAU | F25: 1868.8 | G25: 0.25 | H25: 408.98
B26: 43249 | C26: LUCIANA JOAQUIM APEZZATTO UNGARELLO | D26: 4X | E26: AZUL | F26: 1431.41 | G26: 0.11 | H26: 137.83
B27: 43249 | C27: REINALDO NONATO DA SILVA | D27: 4X | E27: BRADESCO | F27: 1606.37 | G27: 0.1 | H27: 140.62
B28: 43249 | C28: MARCIA DE LOURDES EVANGELISTA | D28: 11X | E28: PORTO | F28: 2174.16 | G28: 0.1 | H28: 290.32
B29: 43250 | C29: KARINA ITO DE SOUZA PIMENTEL | D29: 4X | E29: AZUL | F29: 1991.72 | G29: 0.1 | H29: 174.35
A39: VALOR TOTAL: | F39: =SUM(F2:F38) -> 45532.49 | H39: =SUM(H2:H38) -> 5245.7 | I39: =SUM(I2:I38) -> 0

Sheet Junho 2017
A1: DATA DA TRANS. | B1: VIGÊNCIA | C1: SEGURADO | D1: QNT. DE PARCELAS | E1: SEGURADORA | F1: PREMIO BRUTO | G1: % COMISSAO | H1: VALOR DA COMISSÃO | I1: REPASSE COMISSÃO | J1: CORRETOR
B2: 42859 | C2: WILSON DE SOUZA | D2: 4X | E2: AZUL | F2: 1525.43 | G2: 0.1 | H2: 133.53
B3: 42861 | C3: EMERSON NOBREGA TORRES | D3: 12X | E3: ITURAN | F3: 1882.8 | G3: TAXA ÚNICA | H3: 250
B4: 42888 | D4: 1X | E4: PORTO | F4: 102.34 | G4: 0.5 | H4: 43.94
B5: 42895 | C5: VALDIR PACHECO | D5: 10X | E5: ITAU AUTO E ROUBO | F5: 1010.36 | G5: 0.2 | H5: 176.89
B6: 42893 | D6: 1X | E6: PORTO | F6: 100.7 | G6: 0.47 | H6: 41.43
B7: 42894 | C7: MARIA LUISA NONATO MARTINES | D7: 8X | E7: SUHAI | F7: 1173.68 | G7: 0.25 | H7: 217.89
B8: 42900 | C8: ELAINE BARREIRAS CARBONE | D8: 4X | E8: PORTO | F8: 1336.97 | G8: 0.1 | H8: 117.03
B9: 42900 | D9: vv | E9: PORTO | F9: * | G9: * | H9: 160
B10: 42895 | D10: 1X | E10: PORTO | F10: 136.25 | G10: 0.4 | H10: 47.71
B11: 42900 | C11: EMMANUEL MARTINS DE ALBUQUERQUE | D11: 1X | E11: TOKIO | F11: 2207.33 | G11: 0.14 | H11: 270.52
B12: 42898 | D12: 4X | E12: ALLIANZ | F12: 371.85 | G12: 0.2 | H12: 65.1
B13: 42898 | C13: SERGIO KAZUO MORINO | D13: 4X | E13: MAPFRE | F13: 3222.79 | G13: 0.1 | H13: 282.12 | I13: 100
B14: 42908 | C14: RUTH MARCELINO GONCALVES | D14: 10X | E14: SOMPO | F14: 2550.78 | G14: 0.2 | H14: 424.25
B15: 42900 | D15: 1X | E15: PORTO | F15: 145.38 | G15: 0.5 | H15: 63.63
B16: 42902 | C16: FRANCISCO WESLEY ALVES ALMEIDA RUFINO | D16: 5X | E16: PORTO | F16: 896.15 | G16: 0.13 | H16: 101.98
B17: 42906 | C17: CARLOS LOPES REY | D17: 4X | E17: AZUL | F17: 224.59 | G17: 0.17 | H17: 143.56
B18: 42906 | D18: 1X | E18: PORTO | F18: 140.95 | G18: 0.5 | H18: 61.69
B19: 42915 | C19: ERICA MARIA GOMES DE LIMA | D19: 4X | E19: MITSUI | F19: 3303.14 | G19: 0.1 | H19: 289.15
B20: 42915 | C20: ERICA MARIA GOMES DE LIMA | D20: 4X | E20: MITSUI | F20: 2459.33 | G20: 0.1 | H20: 215.28
B21: 42903 | C21: CAMILA IAZZETTA ALVES | D21: 10X | E21: SUL AMERICA | F21: 2078.98 | G21: 0.1 | H21: 193.61 | I21: 96.8
B22: 42907 | C22: GLEDISON DE PAULA BARBARA | D22: 10X | E22: ITAU AUTO E ROUBO | F22: 1065.19 | G22: 0.1 | H22: 93.24
B23: 42915 | C23: EDUARDO TORRES DA CUNHA | D23: 1X | E23: ITAU | F23: 1640.97 | G23: 0.1 | H23: 143.64
B24: 42909 | D24: 1X | E24: PORTO | F24: 6000 | G24: 0.03 | H24: 180
A39: VALOR TOTAL: | F39: =SUM(F2:F38) -> 33575.96 | H39: =SUM(H2:H38) -> 3716.19 | I39: =SUM(I2:I38) -> 196.8

Sheet Julho 2017
A1: DATA DA TRANS. | B1: VIGÊNCIA | C1: SEGURADO | D1: QNT. DE PARCELAS | E1: SEGURADORA | F1: PREMIO BRUTO | G1: % COMISSAO | H1: VALOR DA COMISSÃO | I1: REPASSE COMISSÃO | J1: CORRETOR
B2: 43284 | C2: SUELI APARECIDA JORGE DE AZEVEDO | D2: 4X | E2: AZUL | F2: 1587.4 | G2: 0.15 | H2: 208.44
B3: 43286 | C3: FERNANDO SERGIO VIANA MACHADO | D3: 3X | E3: PORTO | F3: 2848.47 | G3: 0.1 | H3: 249.35
B4: 43283 | C4: RENATO DE JESUS LINS | D4: 1X | E4: AZUL | F4: 2733.41 | G4: 0.12 | H4: 287.13
B5: 43283 | C5: FRANCISCO WESLEY ALVES ALMEIDA FUFINO $ | D5: 2X | E5: PORTO | F5: 1430.98 | G5: 0.17 | H5: 212.95
B6: 43288 | C6: ANSELMO DOS SANTOS UGARTE $ | D6: 6X | E6: TOKIO | F6: 1067.47 | G6: 0.1 | H6: 93.44
B7: 43284 | C7: CLAUDIA REGINA DIAS $ | D7: 5X | E7: ITAU | F7: 1058.77 | G7: 0.13 | H7: 120.48
B8: 43290 | C8: RAIMUNDO NONATO NUNES | D8: 10X | E8: MITSUI | F8: 1671.77 | G8: 0.15 | H8: 188.95
B9: 43288 | C9: GESIMARA DA COSTA MENDES | D9: 6X | E9: AZUL | F9: 1940.49 | G9: 0.1 | H9: 150.61
B10: 43289 | C10: MANOEL MAXIMINO LOPES FILHO $ | D10: 1X | E10: AZUL | F10: 1248.75 | G10: 0.14 | H10: 153.04
B11: 43292 | C11: SEGMAX TECNOLOGIA EM ARGAMASSAS LTDA $ | D11: 10X | E11: SUL AMERICA | F11: 3133.9 | G11: 0.1 | H11: 236.15
B12: 43296 | C12: ANGELO MARCIO ALVES NEVES | D12: 4X | E12: MITSUI | F12: 1221.04 | G12: 0.16 | H12: 166.56
B13: 42931 | C13: DORIVAL MALHEIROS CARDOSO | D13: 4X | E13: SUL AMERICA | F13: 2972.48 | G13: 0.15 | H13: 390.31
... B28: 42932 | C28: THAIS FREITAS DOS SANTOS SOUZA $ | D28: 4X | E28: MITSUI | F28: 1817.96 | G28: 0.1 | H28: 159.14
A39: VALOR TOTAL: | F39: =SUM(F2:F38) -> 55392.13 | H39: =SUM(H2:H38) -> 6040.59 | I39: =SUM(I2:I38) -> 0

Sheet Agosto 2017
A1: DATA DA TRANS. | B1: VIGÊNCIA | C1: SEGURADO | D1: QNT. DE PARCELAS | E1: SEGURADORA | F1: PREMIO BRUTO | G1: % COMISSAO | H1: VALOR DA COMISSÃO | I1: REPASSE COMISSÃO | J1: CORRETOR
B2: 43313 | C2: JOSE DONIZETTI CONSTANTE | D2: 10X | E2: AZUL | F2: 1812.32 | G2: 0.1 | H2: 158.64
B3: 43316 | C3: ANTONIEL MOURA FEITOSA | D3: 5X | E3: SUL AMERICA | F3: 2211.27 | G3: 0.11 | H3: 193.57
B4: 43320 | C4: PAULO RAIMUNDO BAUEB | D4: 4X | E4: AZUL | F4: 1044.87 | G4: 0.1 | H4: 91.46
B5: 43327 | C5: MAURICI AZEVEDO DO NASCIMENTO | D5: 4X | E5: HDI | F5: 2983.86 | G5: 0.18 | H5: 470.18
B6: 43321 | C6: PEDRO PAULA FARIA | D6: 6X | E6: AZUL | F6: 1094.96 | G6: 0.1 | H6: 95.85
B7: 43322 | C7: EDIVALDO FRANCISCO SANTOS | D7: 7X | E7: MITSUI | F7: 2242.02 | G7: 0.1 | H7: 177.43
B8: 43323 | C8: JEFESON PEREIRA PIRES | D8: 10X | E8: SOMPO | F8: 2796.01 | G8: 0.1 | H8: 244.76
B9: 43329 | C9: MARTHA MARIA PEREIRA DE JESUS | D9: 6X | E9: TOKIO | F9: 2616.77 | G9: 0.15 | H9: 343.6
B10: 43327 | C10: VALDEMIR SILVA ALMEIDA | D10: 5X | E10: SUL AMERICA | F10: 1675.72 | G10: 0.18 | H10: 264.04
B11: 43327 | C11: MARIA JOSE DO NASCIMENTO PROCOPIO | D11: 6X | E11: TOKIO | F11: 1646.15 | G11: 0.1 | H11: 154.73
B12: 43328 | C12: ROBERTA PRISCILA DA SILVA MATIAS | D12: 5X | E12: SUL AMERICA | F12: 2559.74 | G12: 0.19 | H12: 457.16
B13: 43332 | C13: TEREZINHA YOSHIKO ITO DE SOUZA | D13: 6X | E13: TOKIO | F13: 1260.03 | G13: 0.1 | H13: 110.3
... B24: 43336 | C24: WILSON FERREIRA DO NASCIMENTO | D24: 10X | E24: AZUL | F24: 1624.37 | G24: 0.15 | H24: 213.29
A39: VALOR TOTAL: | F39: =SUM(F2:F38) -> 43771.21 | H39: =SUM(H2:H38) -> 5128.2 | I39: =SUM(I2:I38) -> 0

Sheet Setembro 2017
A1: DATA DA TRANS. | B1: VIGÊNCIA | C1: SEGURADO | D1: QNT. DE PARCELAS | E1: SEGURADORA | F1: PREMIO BRUTO | G1: % COMISSAO | H1: VALOR DA COMISSÃO | I1: REPASSE COMISSÃO | J1: CORRETOR
B2: 43344 | C2: JOSE ROBERTO HERNANDEZ | D2: 4X | E2: TOKIO | F2: 3782.1 | G2: 0.1 | H2: 331.08
B3: 43355 | C3: EMERSON SOLTOSKI PINHEIRO | D3: 1X | E3: ITAU | F3: 1830.75 | G3: 0.15 | H3: 240.39
B4: 43346 | C4: LUCIENE TEREZA DA SILVA | D4: 5X | E4: AZUL | F4: 1763.14 | G4: 0.1 | H4: 154.34
B5: 43344 | C5: FRANCISCO ELEOTORIO CHAGAS JUNIOR | D5: 5X | E5: PORTO | F5: 3143.74 | G5: 0.1 | H5: 275.2
B6: 43351 | C6: RICARDO BENEDITO CALAIS JESUS | D6: 10X | E6: AZUL | F6: 977.73 | G6: 0.15 | H6: 128.38
B7: 43355 | C7: ANA PAULA BRAGANÇA | D7: 4X | E7: SOMPO | F7: 1810.61 | G7: 0.1 | H7: 158.49
B8: 43358 | C8: GENI APARECIDA DE OLIVEIRA LOBO | D8: 4X | E8: AZUL | F8: 1079.83 | G8: 0.19 | H8: 179.6
B9: 43353 | C9: SEGMAX TECNOLOGIA EM ARGAMSSAS | D9: 10X | E9: BRADESCO | F9: 2728.99 | G9: 0.1 | H9: 201.51
B10: 43355 | C10: LUCIANO DE LIMA ARAUJO | D10: 4X | E10: MITSUI | F10: 965.38 | G10: 0.1 | H10: 84.5
B11: 43349 | C11: IOD EMBALAGENS LTDA | D11: 4X | E11: AZUL | F11: 2903.51 | G11: 0.1 | H11: 254.17
B12: 43358 | C12: JOSE MILTON REIS | D12: 3X | E12: MITSUI | F12: 1625.94 | G12: 0.25 | H12: 355.83
B13: 43357 | C13: RONALDO TORRES SOBRAL | D13: 4X | E13: SUHAI | F13: 2560.5 | G13: 0.25 | H13: 530.33
... B16: 43364 | C16: RAFAEL BRAULIO ROCHA | D16: 4X | E16: AZUL | F16: 1618.33 | G16: 0.1 | H16: 141.66
B17: 43363 | C17: ADAILTON OLIVEIRA DOS SANTOS | D17: 12X | E17: PORTO RAST | F17: 1726.8 | G17: TAXA ÚNICA | H17: 150
B18: 43358 | C18: MAIRA BARROSO DE CARVALHO | D18: 4X | E18: AZUL | F18: 2358.08 | G18: 0.1 | H18: 206.42
B19: 43364 | C19: JAQUELINE HENRIQUE DOS SANTOS | D19: 10X | E19: AZUL | F19: 1484.7 | G19: 0.1 | H19: 138.56
B20: 43372 | C20: JOSE ROGERIO MONTEIRO | D20: 4X | E20: AZUL | F20: 1304.14 | G20: 0.1 | H20: 114.16
B21: 43369 | C21: LEANDRO DE ALMEIDA CRISPIM ME | D21: 6X | E21: TOKIO | F21: 2747.29 | G21: 0.1 | H21: 240.49
B22: 43370 | C22: ALEXANDRE ALFREDO LAMEIRAO | D22: 4X | E22: TOKIO | F22: 1868.84 | G22: 0.1 | H22: 163.59
B23: 43371 | C23: IRENE MORAES SILVA | D23: 4X | E23: PORTO | F23: 1571.33 | G23: 0.1 | H23: 137.55
B24: 43372 | C24: MARIA APARECIDA DOMINGOS | D24: 10X | E24: AZUL | F24: 2122.02 | G24: 0.15 | H24: 240.68
B25: 43372 | C25: GENIVALDO ANTONIO DE OLIVEIRA | D25: 4X | E25: PORTO | F25: 2128.06 | G25: 0.1 | H25: 186.34
A39: VALOR TOTAL: | F39: =SUM(F2:F38) -> 47800.72 | H39: =SUM(H2:H38) -> 5053.07 | I39: =SUM(I2:I38) -> 0

Sheet Outubro 2017
A1: DATA DA TRANS. | B1: VIGÊNCIA | C1: SEGURADO | D1: QNT. DE PARCELAS | E1: SEGURADORA | F1: PREMIO BRUTO | G1: % COMISSAO | H1: VALOR DA COMISSÃO | I1: REPASSE COMISSÃO | J1: CORRETOR
B2: 43376 | C2: MARIA MARGARIDA DA SILVA | D2: 7X | E2: HDI | F2: 2515.57 | G2: 0.1 | H2: 193.71
B3: 43375 | C3: ANDREIA LEITE LEMOS DE SOUZA | D3: 6X | E3: AZUL | F3: 3223.38 | G3: 0.1 | H3: 282.17
B4: 43377 | C4: NORBERTO DE SOUZA | D4: 6X | E4: TOKIO | F4: 2237.19 | G4: 0.12 | H4: 235.01
B5: 43377 | C5: SEGMAR EXTRACAO E COMERCIO LTDA | D5: 12X | E5: ITURAN + RCF | F5: 2340 | G5: TAXA FIXA | H5: 250
B6: 43383 | C6: AILSON PONTES DA SILVA | D6: 7x | E6: HDI | F6: 2834.21 | G6: 0.1 | H6: 248.1
B7: 43378 | C7: SUEMARY LOPES BARROS | D7: 4X | E7: AZUL | F7: 1104.01 | G7: 0.1 | H7: 96.64
B8: 43385 | C8: MARCOS LEANDRO DA SILVA | D8: 4X | E8: AZUL | F8: 1236.76 | G8: 0.2 | H8: 216.53
B9: 43382 | C9: VANESSA RAMOS DOS SANTOS | D9: 4X | E9: SOMPO | F9: 1537.25 | G9: 0.1 | H9: 134.57
B10: 43384 | C10: ALEX GONÇALVES DE ANDRADE | D10: 4X | E10: AZUL | F10: 2276.39 | G10: 0.1 | H10: 199.27
B11: 43387 | C11: JULIANA MAITAN BOTTENCOURT | D11: 4X | E11: PORTO | F11: 2232.41 | G11: 0.1 | H11: 195.42
B12: 43383 | C12: AILSON PONTES DA SILVA | D12: 12X | E12: SUHAI | F12: 4353.62 | G12: 0.1 | H12: 295.56
B13: 43400 | C13: ADJAILSON PONTES DA SILVA | D13: 12X | E13: PORTO RAST | F13: 1198.8 | G13: TAXA ÚNICA | H13: 150
B14: 43390 | C14: MARIA DE JESUS SOUSA | D14: 4X | E14: AZUL | F14: 1488.97 | G14: 0.1 | H14: 130.34
B15: 43392 | C15: GLEDISON DE PAULA BARBARA | D15: 3X | E15: SUHAI | F15: 559.35 | G15: 0.1 | H15: 48.96
B16: 43395 | C16: JOSE DENIRVAL SANTOS FILHO + CARTÃO PORTO SEGURO | D16: 7X | E16: AZUL | F16: 1231.61 | G16: 0.1 | H16: 207.24
B17: 43395 | C17: FRANCISCO GOMES NETO | D17: 10X | E17: PORTO | F17: 2803.97 | G17: 0.1 | H17: 245.45
B18: 43396 | C18: EVANDRO VILARONGA RIOS | D18: 6X | E18: TOKIO | F18: 1801.18 | G18: 0.1 | H18: 189.2
B19: 43401 | C19: ARLETE FERREIRA PEREIRA | D19: 5X | E19: MITSUI | F19: 1567.12 | G19: 0.17 | H19: 233.3
B20: 43399 | C20: WALTER PEREIRA DE ALMEIDA | D20: 10X | E20: AZUL | F20: 1593.48 | G20: 0.18 | H20: 251.08
B21: 43404 | C21: ARNALDO FRIAS FILHO | D21: 6X | E21: TOKIO | F21: 2030.34 | G21: 0.1 | H21: 177.73
A37: 2026 | C37: 2026
A38: VALOR TOTAL: | F38: =SUM(F2:F37) -> 40165.61 | H38: =SUM(H2:H37) -> 3980.28 | I38: =SUM(I2:I37) -> 0

Sheet Novembro 2017
A1: DATA DA TRANS. | B1: VIGÊNCIA | C1: SEGURADO | D1: QNT. DE PARCELAS | E1: SEGURADORA | F1: PREMIO BRUTO | G1: % COMISSAO | H1: VALOR DA COMISSÃO | I1: REPASSE COMISSÃO | J1: CORRETOR
B2: 43420 | C2: TARCISIO ANTONIO VALENTIM | D2: 2X | E2: PORTO | F2: 2865.69 | G2: 0.1 | H2: 250.88
B3: 43431 | C3: CAIO BRUNO BATALZAR | D3: 12X | E3: PORTO RAST | F3: 1198.8 | G3: TAXA ÚNICA | H3: 150
B4: 43405 | C4: GILMARIA GOMES DOS SANTOS | D4: 6X | E4: ALLIANZ | F4: 1771.85 | G4: 10%-50 | H4: 116.55
B5: 43407 | C5: IVANILSO HEMETERIO DA SILVEIRA + CARTAO PORTO | D5: 4X | E5: AZUL | F5: 1518.08 | G5: 0.2 | H5: 355.39
B6: 43407 | C6: PAULO TADEU HORACIO | D6: 4X | E6: AZUL | F6: 3135.79 | G6: 0.1 | H6: 274.5
B7: 43409 | C7: FERNANDA GONZALES DE LIMA | D7: 1X | E7: MITSUI | F7: 1353.48 | G7: 0.12 | H7: 142.117
B8: 43416 | C8: SEBASTIAO MARCIO CAPELLO | D8: 1X | E8: AZUL | F8: 912.7 | G8: 0.18 | H8: 154.42
B9: 43415 | C9: ADEMIR CYRINO GARCIA | D9: 4X | E9: AZUL | F9: 1307.63 | G9: 0.15 | H9: 171.7
B10: 43409 | C10: ALEXANDRO DE SOUZA | D10: 4X | E10: BRADESCO | F10: 2981.65 | G10: 0.1 | H10: 261.01 | I10: 130
B11: 43413 | C11: ANDREZA PATRICIA LOPES PONTES | D11: 4X | E11: AZUL | F11: 5909.66 | G11: 0.1 | H11: 517.35
B12: 43413 | C12: LAIZ BALZANO | D12: 6X | E12: ALLIANZ | F12: 3535.27 | G12: 0.1 | H12: 309.47
B13: 43413 | C13: ALEX SANDRO BRAGATO | D13: 6X | E13: MITSUI | F13: 2156.3 | G13: 0.1 | H13: 188.76
B14: 43415 | C14: MARIA TOSHIKO OKADA | D14: 4X | E14: AZUL | F14: 1551.16 | G14: 0.1 | H14: 135.78
B15: 43411 | C15: ROSANA ARAKKAKI GUIMARAES | D15: 5X | E15: PORTO | F15: 2852 | G15: 0.1 | H15: 249.66
B16: 43423 | C16: ROBERTO RIBEIRO TRINDADE + CARTAO PORTO | D16: 4X | E16: AZUL | F16: 1849.76 | G16: 0.15 | H16: 362.89 | I16: 181.44
B17: 43420 | C17: SEVERINO BERNARDO DA SILVA | D17: 4X | E17: AZUL | F17: 1729.99 | G17: 0.1 | H17: 154.8
B18: 43423 | C18: LUCIENE APARECIDA PASSARIN MEI | D18: 4X | E18: AZUL | F18: 1266.01 | G18: 0.1 | H18: 144.07
B19: 43420 | C19: ANDERSON CLAYTON DA SILVA | D19: 12X | E19: ITURAN | G19: TAXA ÚNICA | H19: 250
B20: 43426 | C20: IZAIAS MENDES DE SOUZA | D20: 6X | E20: TOKIO | F20: 1480.86 | G20: 0.1 | H20: 129.63
B21: 43426 | C21: LILIAN APARECIDA FILADELFO DA COSTA | D21: 1X | E21: AZUL | F21: 1993.09 | G21: 0.1 | H21: 174.47
B22: 43426 | C22: ANTONIEL MOURA FEITOSA | D22: 4X | E22: AZUL | F22: 1533.16 | G22: 0.13 | H22: 187.35
B23: 43427 | C23: ELIZEU CRUZ DE OLIVEIRA | D23: 12X | E23: PORTO RAST | F23: 2074.8 | G23: TAXA ÚNICA | H23: 150
B24: 43429 | C24: ESTANISLAU SEVERINO DE ARRUDA JUNIOR | D24: 6X | E24: ITAU | F24: 1227.25 | G24: 0.25 | H24: 268.58
B25: 43431 | C25: RUFINO COSTA SOUZA | D25: 6X | E25: SOMPO | F25: 1567.67 | G25: 0.1 | H25: 137.23
B26: 43432 | C26: ERIKA DIAS LIMA | D26: 4X | E26: AZUL | F26: 2632.55 | G26: 0.13 | H26: 299.58
B27: 43432 | C27: DANIELA AVELINO CUNHA DE ANDRADE | D27: 6X | E27: MITSUI | F27: 1821.55 | G27: 0.1 | H27: 159.45
B28: 43426 | C28: FLAVIA RUBIA DE PAULA | D28: 4X | E28: AZUL | F28: 1542.83 | G28: 0.1 | H28: 135.05
A38: VALOR TOTAL: | F38: =SUM(F2:F37) -> 53769.58 | H38: =SUM(H2:H37) -> 5830.687 | I38: =SUM(I2:I37) -> 311.44

Sheet Dezembro 2017
A1: DATA DA TRANS. | B1: VIGÊNCIA | C1: SEGURADO | D1: QNT. DE PARCELAS | E1: SEGURADORA | F1: PREMIO BRUTO | G1: % COMISSAO | H1: VALOR DA COMISSÃO | I1: REPASSE COMISSÃO | J1: CORRETOR
B2: 43440 | C2: RUBENS RODRIGUES DA SILVA | D2: 12X | E2: PORTO | F2: 2064 | G2: TAXA ÚNICA | H2: 150
B3: 43437 | C3: ALEXANDRA SEREICIKAS DE SOUZA LIMA | D3: 4X | E3: AZUL | F3: 2513.87 | G3: 0.15 | H3: 330.09
B4: 43435 | C4: EMERSON DE PAULA BARBARA | D4: 4X | E4: MAPFRE | F4: 1691.66 | G4: 0.1 | H4: 148.08
B5: 43441 | C5: CRYSTIAN FELIX DA SILVA | D5: 10X | E5: SUHAI | F5: 1015.55 | G5: 0.27 | H5: 194.61
B6: 43440 | C6: JOCITON PEREIRA DA CONCEICAO | D6: 12X | E6: ITURAN | F6: 1258.8 | G6: TAXA ÚNICA | H6: 100
B7: 43443 | C7: ANA MARIA SOTERO DE LIMA | D7: 4X | E7: AZUL | F7: 1551.63 | G7: 0.12 | H7: 162.99
B8: 43446 | C8: MARCELO PAULO DE OLIVEIRA | D8: 6X | E8: MITSUI | F8: 3075.28 | G8: 0.1 | H8: 269.2
B9: 43449 | C9: RAFAEL CUNHA DO NASCIMENTO | D9: 1X | E9: AZUL | F9: 1992.83 | G9: 0.1 | H9: 174.45
B10: 43448 | C10: ESTANISLAU SEVERINO DE ARRUDA JUNIOR | D10: 6X | E10: AZUL | F10: 1655.51 | G10: 0.2 | H10: 271.96
B11: 43454 | C11: PAULO RAIMUNDO BAUEB | D11: 1X | E11: AZUL | F11: 1355.68 | G11: 0.18 | H11: 201.74
B12: 43449 | C12: SOLANGE ALMEIDA RODRIGUES | D12: 4X | E12: AZUL | F12: 1591.02 | G12: 0.1 | H12: 139.27
B13: 43457 | C13: SUELI GOMES JURAS | D13: 4X | E13: AZUL | F13: 1471.48 | G13: 0.16 | H13: 206.1
B14: 43453 | C14: GERSON FONSECA MENDES | D14: 4X | E14: AZUL | F14: 1689.35 | G14: 0.1 | H14: 147.88
B15: 43456 | C15: ABELARDO MATIAS BARCELAR | D15: 5X | E15: SUL AMERICA | F15: 1616.44 | G15: 0.11 | H15: 155.63
B16: 43456 | C16: MICHELINE DE MELO SANCHES | D16: 6X | E16: AZUL | F16: 1413.25 | G16: 0.25 | H16: 309.28
B17: 43456 | C17: MANOELINA MARIA MARTINS | D17: 4X | E17: AZUL | F17: 2389.47 | G17: 0.13 | H17: 271.92
B18: 43457 | C18: WALTER LUIZ DOS SANTOS JUNIOR | D18: 5X | E18: SUL AMERICA | F18: 1469.9 | G18: 0.1 | H18: 128.64
... B28: 43457 | C28: OSWALDO ANTONIO MENDES | D28: 4X | E28: AZUL | F28: 1539.55 | G28: 0.1 | H28: 134.77
A37: VALOR TOTAL: | F37: =SUM(F2:F36) -> 52357.01 | H37: =SUM(H2:H36) -> 5597.37 | I37: =SUM(I2:I36) -> 0

Sheet Janeiro 2018
A1: DATA DA TRANS. | B1: VIGÊNCIA | C1: SEGURADO | D1: QNT. DE PARCELAS | E1: SEGURADORA | F1: PREMIO LIQUIDO | G1: % COMISSAO | H1: VALOR DA COMISSÃO | I1: REPASSE COMISSÃO | J1: CORRETOR
A2: 43087 | B2: 43470 | C2: ADRIANA MARIA PEREIRA | D2: 1X | E2: AZUL | F2: 1725.75 | G2: 0.1 | H2: 162.22
A3: 43091 | B3: 43468 | C3: OSVALDO GONÇALVES DE ALMEIDA | D3: 1X | E3: AZUL | F3: 1617.73 | G3: 0.13 | H3: 204.28
A4: 43103 | B4: 43473 | C4: MARCOS RODRIGUES DOS SANTOS | D4: 4X | E4: AZUL | F4: 1077.71 | G4: 0.22 | H4: 239.27
A5: 43104 | B5: 43470 | C5: ANTONIO CESAR ESTEVES | D5: 4X | E5: MITSUI | F5: 1742.9 | G5: 0.22 | H5: 360.43 | I5: 180.21
A6: 43104 | B6: 43467 | C6: GERSON FONSECA MENDES | D6: 4X | E6: AZUL | F6: 1470.94 | G6: 0.1 | H6: 128.76
A7: 43104 | B7: 43473 | C7: KATIA REGINA DA SILVA | D7: 4X | E7: PORTO | F7: 2597.2 | G7: 0.18 | H7: 439.44
A8: 43105 | B8: 43477 | C8: DAYANE CRISTINA DE LIMA JERONYMO | D8: 4X | E8: AZUL | F8: 1903.57 | G8: 0.15 | H8: 268.4
A9: 43108 | B9: 43474 | C9: CAROLINA DELBOUX MINUCHI | D9: 1X | E9: AZUL | F9: 1215.99 | G9: 0.18 | H9: 205.74
A10: 43108 | B10: 43475 | C10: LUANA CARLA MARQUES | D10: 1X | E10: AZUL | F10: 1601.67 | G10: 0.1 | H10: 150.55
A11: 43115 | B11: 43477 | C11: ROSANA CLAUDIA FAUSTINO | D11: 7X | E11: AZUL | F11: 1740.79 | G11: 0.12 | H11: 196.37
A12: 43115 | B12: 43480 | C12: FABIO DOS SANTOS SOUZA ME | D12: 4X | E12: ITAU | F12: 2997.96 | G12: 0.15 | H12: 393.66
A13: 43118 | B13: 43483 | C13: FABIO MYAMOTO FLOR | D13: 12X | E13: ITURAN | F13: 2278.8 | G13: TAXA ÚNICA | H13: 200
A14: 43118 | B14: 43480 | C14: SERGIO RIBEIRO TRINDADE + CARTAO ´PORTO | D14: 10X | E14: PORTO | F14: 1814.62 | G14: 0.1 | H14: 280.57 | I14: 140.28
A15: 43118 | B15: 43487 | C15: CARLOS ALBERTO ROQUE DOS SANTOS | D15: 10X | E15: AZUL | F15: 1301.79 | G15: 0.25 | H15: 284.89
A16: 43123 | B16: 43488 | C16: MIRIA CORRA PEREIRA | D16: 6X | E16: ALLIANZ | F16: 2196.1 | G16: 0.1 | H16: 206.43
A17: 43124 | B17: 43489 | C17: SAMIR ZANPIERI RIBEIRO | D17: 5x | E17: SUL AMERICA | F17: 765.18 | G17: 0.18 | H17: 129.43
A18: 43125 | B18: 43490 | C18: JEFFERSON RODRIGUES | D18: 5x | E18: PORTO | F18: 4056.38 | G18: 0.1 | H18: 381.29
A19: 43126 | B19: 43491 | C19: NEYRE MACIEL SEIXAS | D19: 3X | E19: SUHAI | F19: 2767.87 | G19: 0.1 | H19: 233.21
A20: 43131 | B20: 43496 | C20: VALDEMIR NORBERTO DA SILVA | D20: 12X | E20: PORTO | F20: 1254.1 | G20: 0.1 | H20: 109.78
A21: 43131 | B21: 43496 | C21: ADILSON DIAS DA SILVA | D21: 4X | E21: BRADESCO | F21: 3333.59 | G21: 0.1 | H21: 284.99
F37: =SUM(F2:F36) -> 39460.64 | H37: =SUM(H2:H36) -> 4859.71 | I37: =SUM(I2:I36) -> 320.49

Sheet Fevereiro 2018
A1: DATA DA TRANS. | B1: VIGÊNCIA | C1: SEGURADO | D1: QNT. DE PARCELAS | E1: SEGURADORA | F1: PREMIO LIQUIDO | G1: % COMISSAO | H1: VALOR DA COMISSÃO | I1: REPASSE COMISSÃO | J1: CORRETOR
A2: 43117 | B2: 43497 | C2: DJALMA DOS ANJOS SILVA | D2: 10X | E2: AZUL | F2: 1199.9 | G2: 0.15 | H2: 165.79
A3: 43129 | B3: 43499 | C3: NOZIOZENO BATISTA DOS SANTOS | D3: 6X | E3: TOKIO | F3: 2701.51 | G3: 0.1 | H3: 248.86
A4: 43131 | B4: 43497 | C4: FRANCISCO JOSE MOREIRA | D4: 5X | E4: PORTO | F4: 2529.2 | G4: 0.1 | H4: 232.98
A5: 43131 | B5: 43497 | C5: HILTON CARLOS VIANA VASCONCELOS | D5: 5X | E5: SUL AMERICA | F5: 4450.36 | G5: 0.14 | H5: 573.94
A6: 43132 | B6: 43501 | C6: ADRINI CARLOS CORTEZ | D6: 4X | E6: AZUL | F6: 1587.64 | G6: 0.12 | H6: 175.49
A7: 43133 | B7: 43498 | C7: HUMBERTO MATIAS BARCELAR | D7: 4X | E7: PORTO | F7: 2318.22 | G7: 0.15 | H7: 320.32
A8: 43133 | B8: 43498 | C8: JAIME MOTA FERREIRA | D8: 6X | E8: ALLIANZ | F8: 2403.15 | G8: 0.1 | H8: 221.37
A9: 43136 | B9: 43498 | C9: PABLO RODRIGUES BRANDAO | D9: 4X | E9: AZUL | F9: 3062.45 | G9: 0.1 | H9: 282.13
A10: 43136 | B10: 43499 | C10: ROSICLEA TAVARES SANTOS | D10: 4X | E10: AZUL | F10: 3503.37 | G10: 0.1 | H10: 300.54
A11: 43137 | B11: 43502 | C11: JULYA RHEIN TORRES SOBRAL + CARTAO | D11: 5X | E11: PORTO | F11: 2509.12 | G11: 0.12 | H11: 387.54
A12: 43139 | B12: 43506 | C12: NELSON VICENTE DE PAULA | D12: 4X | E12: AZUL | F12: 1240.34 | G12: 0.1 | H12: 114.25
A13: 43140 | B13: 43506 | C13: ASSOCIACAO DA IGREJA METODISTA TERCEIRA REGIAO | D13: 1X | E13: SOMPO | F13: 1494.01 | G13: 0.18 | H13: 247.4
... A22: 43152 | B22: 43520 | C22: ALISSON GONÇALVES DA SILVA | D22: 4X | E22: TOKIO | F22: 2394.52 | G22: 0.15 | H22: 330.44
A23: 43153 | B23: 43518 | C23: JOSE DENIRVAL DOS SANTOS FILHO | D23: 8X | F23: 1246.34 | G23: 0.1 | H23: 114.66
A24: 43154 | B24: 43522 | C24: KARYN LAIS ALVES | D24: 1X | E24: AZUL | F24: 1964.06 | G24: 0.1 | H24: 180.68
A25: 43519 | B25: 43521 | C25: CELIA CLARICE DEL CAMPO | D25: 8X | E25: MAPFRE | F25: 1689.29 | G25: 0.1 | H25: 155.41
A26: 43522 | B26: 43522 | C26: JOSE AMARO BATISTA | D26: 4X | E26: AZUL | F26: 1833.71 | G26: 0.1 | H26: 168.7
A27: 43499 | B27: 43522 | C27: WELLINGTON FERNANDES PEREIRA DA SILVA SANTOS | D27: 10X | E27: AZUL | F27: 1567.56 | G27: 0.14 | H27: 201.9
F37: =SUM(F2:F36) -> 52754.54 | H37: =SUM(H2:H36) -> 5931.52 | I37: =SUM(I2:I36) -> 0

Sheet Março 2018
A1: DATA DA TRANS. | B1: VIGÊNCIA | C1: SEGURADO | D1: QNT. DE PARCELAS | E1: SEGURADORA | F1: PREMIO LIQUIDO | G1: % COMISSAO | H1: VALOR DA COMISSÃO | I1: REPASSE COMISSÃO | J1: CORRETOR
A2: 43519 | B2: 43525 | C2: LUCIANA PIERONI COUTINHO | D2: 1X | E2: HDI | F2: 1744.82 | G2: 0.22 | H2: 328.87
A3: 43522 | B3: 43530 | C3: EDSON COSTA | D3: 2X | E3: BRADESCO | F3: 1363.05 | G3: 0.12 | H3: 153.75
A4: 43522 | B4: 43526 | C4: NEIDE SUELY WETZKER | D4: 1X | E4: AZUL | F4: 2011 | G4: 0.13 | H4: 240.51
A5: 43525 | B5: 43528 | C5: JOHNNY GUIMARAES BISPO DIAS | D5: 10X | E5: AZUL | F5: 1166.97 | G5: 0.12 | H5: 128.83
A6: 43525 | B6: 43527 | C6: MARCELA DALTO AMMIRABILE | D6: 1X | E6: ALLIANZ | F6: 1581.3 | G6: 0.1 | H6: 148.64
A7: 43526 | B7: 43526 | C7: D ZOO COMERCIO DE PRODUTOS PET LTDA ME | D7: 6X | E7: TOKIO MARINE | F7: 4020.29 | G7: 0.1 | H7: 377.9
A8: 43526 | B8: 43531 | C8: MARCOS LEANDRO DA SILVA | D8: 4X | E8: AZUL | F8: 1947.67 | G8: 0.1 | H8: 179.91
A9: 43529 | B9: 43530 | C9: ERIKA DIAS LIMA | D9: 4X | E9: MAPFRE | F9: 2780.62 | G9: 0.14 | H9: 358.14
A10: 43529 | B10: 43528 | C10: FABIO LUIS DO CARMO | D10: 1X | E10: AZUL | F10: 1571.21 | G10: 0.15 | H10: 216.82
A11: 43530 | B11: 43528 | C11: EDSON BATISTA MORAES | D11: 7X | E11: AZUL | F11: 1414.96 | G11: 0.2 | H11: 266.01
A12: 43530 | B12: 43532 | C12: PRISCILA MINGHETITI PERRUD GUEDES | D12: 4X | E12: HDI | F12: 1326.93 | G12: 0.2 | H12: 244.15
A13: 43530 | B13: 43532 | C13: WESLEY MENDES SANTIAGO DA CRUZ | D13: 10X | E13: SUL AMERICA | F13: 1047.49 | G13: 0.14 | H13: 134.91
... A24: 43539 | B24: 43543 | C24: FRANCISCO ARMANDO PERES | D24: 4X | E24: ITAU | F24: 1689.1 | G24: 0.1 | H24: 155.39
A25: 43539 | B25: 43539 | C25: DIOGO SILVEIRA BENICIO | D25: 4X | E25: MITSUI | F25: 1884.6 | G25: 0.16 | H25: 277.41 | I25: 138.7
A26: 43540 | B26: 43541 | C26: JOAO LUIZ DE OLIVEIRA QUIM | D26: 4X | E26: AZUL | F26: 2198.31 | G26: 0.21 | H26: 424.71
A27: 43540 | B27: 43540 | C27: MARIA SOCORRO LIMA DE SOUZA | D27: 5X | E27: ALLIANZ | F27: 2687.9 | G27: 0.1 | H27: 247.28
A28: 43544 | B28: 43547 | C28: PAULO REMILTON PEREIRA DA FONSECA | D28: 1X | E28: PORTO | F28: 1641.63 | G28: 0.2 | H28: 302.05
A29: 43179 | B29: 43546 | C29: IOD EMBALAGENS | D29: 3X | E29: MAPFRE | F29: 2758.22 | G29: 0.11 | H29: 279.13
A30: 43179 | B30: 43545 | C30: IGNACIO TOLOSA ITARRULDE NETO | D30: 4X | E30: PORTO | F30: 1858.31 | G30: 0.1 | H30: 170.96
A31: 43180 | B31: 43546 | C31: CARLOS EDUARDO SILVA DE SOUZA | D31: 10X | E31: HDI | F31: 2245.87 | G31: 0.15 | H31: 309.81
A32: 43180 | B32: 43545 | C32: JORGE LUIZ DE MELO | D32: 6X | E32: MITSUI | F32: 1634.28 | G32: 0.1 | H32: 150.53
A33: 43180 | B33: 43545 | C33: VALDECI NORBERTO DA SILVA | D33: 10X | E33: AZUL | F33: 1544.67 | G33: 0.15 | H33: 213.16
A34: 43181 | B34: 43549 | C34: RENATA CARLA FAUSTINO DE MELO | D34: 4X | E34: ALLIANZ | F34: 2215.7 | G34: 0.1 | H34: 203.84
A35: 43181 | B35: 43546 | C35: DENISSON TAVARES DOS SANTOS | D35: 6X | E35: TOKIO MARINE | F35: 1291.67 | G35: 0.1 | H35: 118.83
A36: 43182 | B36: 43549 | C36: SUSAN KEYNE CORREA DE LIMA | D36: 5X | E36: SUL AMERICA | F36: 1555.11 | G36: 0.1 | H36: 142.92
A37: 43186 | B37: 43553 | C37: RITA DE CASSIA MENDES | D37: 4X | E37: AZUL | F37: 1345.66 | G37: 0.1 | H37: 123.8
... A40: 43192 | B40: 43554 | C40: GEOVANE DA SILVA SANTOS | D40: 10X | E40: AZUL | F40: 1380.68 | G40: 0.17 | H40: 215.93
F49: =SUM(F2:F40) -> 71425.17 | H49: =SUM(H2:H40) -> 8410.81 | I49: =SUM(I2:I36) -> 138.7

Sheet Abril 2018
A1: DATA DA TRANS. | B1: VIGÊNCIA | C1: SEGURADO | D1: QNT. DE PARCELAS | E1: SEGURADORA | F1: PREMIO LIQUIDO | G1: % COMISSAO | H1: VALOR DA COMISSÃO | I1: REPASSE COMISSÃO | J1: CORRETOR
A2: 43165 | B2: 43556 | C2: VINICIUS ALEXANDRE PATROCINIO | D2: 6X | E2: AZUL | F2: 913.2 | G2: 0.1 | H2: 84.02
A3: 43192 | B3: 43557 | C3: FRANCISCO PAIVA FREITAS | D3: 6X | E3: AZUL | F3: 1108.27 | G3: 0.2 | H3: 203.92
A4: 43193 | B4: 43583 | C4: EDILENE COSTA | D4: 4X | E4: AZUL | F4: 2204.53 | G4: 0.15 | H4: 304.25
A5: 43193 | B5: 43558 | C5: WAGNER DE MOURA SOUZA | D5: 12X | E5: SUHAI | F5: 1099.72 | G5: 0.25 | H5: 252.93
A6: 43195 | B6: 43561 | C6: EMPORIO ZURE CHOCOLATES LTDA ME - EMPRESARIAL | D6: 4X | E6: SOMPO | F6: 2174.36 | G6: 0.25 | H6: 500.1
A7: 43196 | B7: 43560 | C7: ANA CARLA DE ARAUJO DE SOUZA | D7: 4X | E7: AZUL | F7: 1543.83 | G7: 0.2 | H7: 284.06
A8: 43199 | B8: 43564 | C8: ANDRESSA GONCALVES DA SILVA | D8: 12x | E8: ITURAN | F8: 982.8 | G8: TAXA ÚNICA | H8: 100
A9: 43200 | B9: 43564 | C9: RODRIGO CARREIRAS DE OLIVEIRA MOTA | D9: 4X | E9: AZUL | F9: 2412.07 | G9: 0.1 | H9: 221.91
A10: 43200 | B10: 43565 | C10: RAFAEL FRANCISCO DA SILVA | D10: 10X | E10: SUHAI | F10: 1986.16 | G10: 0.13 | H10: 237.54
A11: 43200 | B11: 43574 | C11: IGOR DE SOUZA FERES | D11: 12X | E11: ITURAN | F11: 1846.8 | G11: TAXA ÚNICA | H11: 100
A12: 43201 | B12: 43569 | C12: GABRIEL AURICHIO RODRIGUES | D12: 5X | E12: SUL AMERICA | F12: 3371.2 | G12: 0.1 | H12: 312.15
A13: 43201 | B13: 43565 | C13: ARNALDO FRIAS FILHO | D13: 6X | E13: AZUL | F13: 1871.82 | G13: 0.1 | H13: 172.2
A14: 43201 | B14: 43566 | C14: JAILTON ROSA DE SOUZA JUNIOR | D14: 6X | E14: HDI | F14: 3081.6 | G14: 0.1 | H14: 283.5
A15: 43202 | B15: 43567 | C15: FRANCISCO ARMANDO PERES | D15: 5X | E15: SUL AMERICA | F15: 1903.07 | G15: 0.15 | H15: 262.62
A16: 43203 | B16: 43585 | C16: ANTONIO GISLANIO JATAI LOIOLA | D16: 5X | E16: PORTO | F16: 1780.64 | G16: 0.18 | H16: 294.87
A17: 43207 | B17: 43569 | C17: CASSIA CRISTINA DA SILVA CARVALHO BRAZILINO | D17: 5X | E17: PORTO | F17: 1192.07 | G17: 0.15 | H17: 164.5
A18: 43209 | B18: 43577 | C18: KARINA YUMI KATSUURA | D18: 4X | E18: PORTO | F18: 1332.2 | G18: 0.2 | H18: 245.12
A19: 43209 | B19: 43577 | C19: RENATO LEITE RODRIGUES | D19: 4X | E19: AZUL | F19: 1625.87 | G19: 0.1 | H19: 149.58
A20: 43210 | B20: 43575 | C20: ZELIA ROCHA EMPREENDIMENTOS IMOBILIARIOS LTDA ME | D20: 4X | E20: HDI | F20: 2784.92 | G20: 0.1 | H20: 256.21
A21: 43213 | B21: 43574 | C21: GABRIELA GONCALVES BRITO | D21: 5X | E21: ITAU | F21: 1190.59 | G21: 0.25 | H21: 273.83
A22: 43214 | B22: 43579 | C22: ALVARO LUIZ MANCHON SARNES | D22: 1X | E22: PORTO | F22: 1324.91 | G22: 0.13 | H22: 147.69
A23: 43581 | B23: 43574 | C23: ANDREZA PATRICIA LOPES PONTES | D23: 5X | E23: PORTO | F23: 5019.21 | G23: 0.1 | H23: 461.76
A24: 43216 | B24: 43585 | C24: BEATRIZ FREIRE DE CARVALHO TOLOSA | D24: 4X | E24: PORTO | F24: 1167.89 | G24: 0.15 | H24: 161.16
A25: 43217 | B25: 43583 | C25: FAUZI BUTROS | D25: 4X | E25: HDI | F25: 3650.1 | G25: 0.2 | H25: 671.61 | I25: 335.8
A26: 43220 | B26: 43585 | C26: JEFFERSON CORREIA MICHELI | D26: 4X | E26: AZUL | F26: 1576.91 | G26: 0.11 | H26: 159.58 | I26: 79.79
A27: 43222 | B27: 43582 | C27: CLAUDIO VEIRA MARQUES | D27: 10X | E27: AZUL | F27: 1592.41 | G27: 0.14 | H27: 205.1 | I27: 102.55
F35: =SUM(F2:F34) -> 50737.15 | H35: =SUM(H2:H34) -> 6510.21 | I35: =SUM(I2:I34) -> 518.14

Sheet Maio 2018
A1: DATA DA TRANS. | B1: VIGÊNCIA | C1: SEGURADO | D1: QNT. DE PARCELAS | E1: SEGURADORA | F1: PREMIO LIQUIDO | G1: % COMISSAO | H1: VALOR DA COMISSÃO | I1: REPASSE COMISSÃO | J1: CORRETOR
A2: 43222 | B2: 43501 | C2: FERNANDA CASSIA MAXIMINO DA COSTA | D2: 5X | E2: PORTO | F2: 1176.66 | G2: 0.15 | H2: 162.37
A3: 43215 | B3: 43587 | C3: RAYSSA MARTINS DE OLIVEIRA | D3: 4X | E3: ITAU | F3: 2792.4 | G3: 0.13 | H3: 333.97
A4: 43222 | B4: 43587 | C4: HUMBERTO ANTONIO BARONI | D4: 10X | E4: AZUL | F4: 1293.08 | G4: 0.17 | H4: 202.23
A5: 43223 | B5: 43588 | C5: ISSAMU LUIZ SIMOURA | D5: 10X | E5: PORTO | F5: 1462.48 | G5: 0.13 | H5: 174.91
A6: 43223 | B6: 43589 | C6: ORLANDO BERNARDES FAUSTINO | D6: 4X | E6: HDI | F6: 1684.97 | G6: 0.165 | H6: 255.77
A7: 43223 | B7: 43590 | C7: ADILSON VENCESLAU BRAS | D7: 10X | E7: TOKIO | F7: 1063.98 | G7: 0.17 | H7: 166.4
A8: 43228 | B8: 43593 | C8: FABIO DOS SANTOS SOUZA ME | D8: 4X | E8: BRADESCO | F8: 4134.91 | G8: 0.1 | H8: 380.41
A9: 43227 | B9: 43594 | C9: MARCOS JOSE DA SILVA | D9: 4X | E9: AZUL | F9: 1064.45 | G9: 0.14 | H9: 137.1
A10: 43229 | B10: 43594 | C10: CAROLINE CONCEICAO DEGAN | D10: 5X | E10: PORTO | F10: 1305.13 | G10: 0.1 | H10: 120.07
A11: 43228 | B11: 43595 | C11: TATIANA SAITO | D11: 5X | E11: PORTO | F11: 1402.76 | G11: 0.12 | H11: 154.86
A12: 43230 | B12: 43595 | C12: HELCIO DE SOUZA SILVA | D12: 6X | E12: MAPFRE | F12: 3176.42 | G12: 0.1 | H12: 292.23
A13: * | B13: 43597 | C13: LUCCAS SILVA SANTOS | D13: 12X | E13: ITURAN | G13: % | H13: 100
A14: 43231 | B14: 43599 | C14: GEORGE DE OLIVEIRA | D14: 1X | E14: PORTO | F14: 1590.35 | G14: 0.17 | H14: 248.73
A15: 43234 | B15: 43599 | C15: JRS ENGENHARIA LTDA | D15: 5X | E15: SUL AMERICA | F15: 2980.06 | G15: 0.1 | H15: 274.16
A16: 43233 | B16: 43600 | C16: HUGO LIMA | D16: 4X | E16: AZUL | F16: 1359.41 | G16: 0.1 | H16: 125.06
A17: 43238 | B17: 43600 | C17: GERALDO AMARINHO DE ARAUJO | D17: 10X | E17: AZUL | F17: 1466.73 | G17: 0.12 | H17: 161.92
A18: * | B18: 43600 | C18: JAILTON ROSA DE SOUZA JUNIOR | D18: 12X | E18: ITURAN | H18: 100
A19: 43236 | B19: 43601 | C19: EMERSON AMARINHO DE ARAUJO ME | D19: 4X | E19: AZUL | F19: 1802.99 | G19: 0.1 | H19: 165.78
A20: 43238 | B20: 43603 | C20: REGIANE DA SILVA BITTENCOURT | D20: 10X | E20: AZUL | F20: 1613.39 | G20: 0.13 | H20: 192.93
A21: 43236 | B21: 43606 | C21: EMERSON AMARINHO DE ARAUJO | D21: 6x | E21: SUL AMERICA | F21: 1439.65 | G21: 0.2 | H21: 264.89
A22: 43241 | B22: 43606 | C22: MARCIA LOPES DE SOUZA | D22: 4X | E22: AZUL | F22: 1337.94 | G22: 0.15 | H22: 184.63
A23: 43241 | B23: 43608 | C23: EVANDRO FERREIRA DA COSTA | D23: 6X | E23: AZUL | F23: 1130.01 | G23: 0.24 | H23: 249.5
A24: 43241 | B24: 43609 | C24: ANA NAZARE ALCAIDE DOS SANTOS | D24: 10X | E24: AZUL | F24: 1273.97 | G24: 0.13 | H24: 152.36
A25: 43245 | B25: 43614 | C25: MARCIA DE LOURDES EVANGELISTA | D25: 11X | E25: PORTO | F25: 2083.2 | G25: 0.1 | H25: 191.65
A26: 43248 | B26: 43614 | C26: UILSON GONVALVES GUERRERO UNGARELLO | D26: 4X | E26: AZUL | F26: 1226.25 | G26: 0.15 | H26: 169.22
A27: 43248 | B27: 43614 | C27: LUCIANA JOAQUIM APEZZATO UNGARELLO | D27: 6X | E27: TOKIO | F27: 1914.93 | G27: 0.17 | H27: 325.53
A28: 43249 | B28: 43614 | C28: ALMIR ANTONIO ANSELMO | D28: 10X | E28: MAPFRE | F28: 1815.21 | G28: 0.19 | H28: 316.77
A29: 43252 | B29: 43615 | C29: KARINA ITO DE SOUZA PIMENTEL | D29: 4X | E29: AZUL | F29: 2997.53 | G29: 0.1 | H29: 275.77
F30: =SUM(F2:F29) -> 46588.86 | H30: =SUM(H2:H29) -> 5879.22 | I30: =SUM(I2:I29) -> 0

Sheet Junho 2018
A1: DATA DA TRANS. | B1: VIGÊNCIA | C1: SEGURADO | D1: QNT. DE PARCELAS | E1: SEGURADORA | F1: PREMIO LIQUIDO | G1: % COMISSAO | H1: VALOR DA COMISSÃO | I1: REPASSE COMISSÃO | J1: CORRETOR
A2: 43263 | B2: 43628 | C2: SEGMAX TECNOLOGIA EM ARGAMASSAS LTDA | D2: 10X | E2: SUL AMERICA | F2: 3294.58 | G2: 0.2 | H2: 606.2
A3: 43256 | B3: 43621 | C3: HENIO BRASIL CLAUDINO | D3: 10X | E3: SUL AMERICA | F3: 893.54 | G3: 0.14 | H3: 115.08 | I3: 57.54
A4: 43256 | B4: 43625 | C4: VALDIR PACHECO | D4: 4X | E4: ITAU | F4: 990.91 | G4: 0.17 | H4: 154.97
A5: 43256 | B5: 43624 | C5: MARIA LUISA NONATO MARTINES | D5: 7X | E5: SUHAI | F5: 799.94 | G5: 0.27 | H5: 198.7
A6: 43258 | B6: 43623 | C6: ERIVALDO BLADO STANESCO | D6: 6X | E6: TOKIO | F6: 2174.18 | G6: 12.5% | H6: 250.03
A7: 43257 | B7: 43622 | C7: EMPORIO ZURE CHOCOLATES LTDA ME EMPRESARIAL | D7: 6X | E7: SOMPO | F7: 1086.62 | G7: 0.2 | H7: 199.93
A8: 43259 | B8: 43620 | C8: WILSON DE SOUZA | D8: 4X | E8: AZUL | F8: 1399.53 | G8: 0.13 | H8: 167.38
A9: 43262 | B9: 43627 | C9: JOSE DAMIAO BATISTA ALVES | D9: 11X | E9: SUHAI | F9: 1714.83 | G9: 0.13 | H9: 205.09
A10: 43263 | B10: 43628 | C10: SERGIO KAZUO MORINO | D10: 4X | E10: MAPFRE | F10: 2245.06 | G10: 0.2 | H10: 413.09
A11: 43264 | B11: 43630 | C11: EMMANUEL MARTINS DE ALBUQUERQUE | D11: 1X | E11: PORTO | F11: 1668.56 | G11: 0.21 | H11: 322.36
A12: 43264 | B12: 43632 | C12: FRANCISCO WESLEY ALVES RUFINO | D12: 2X | E12: PORTO | F12: 937.85 | G12: 0.11 | H12: 94.91
A13: 43266 | B13: 43631 | C13: MARCELO CARVALHO CHAVES | D13: 10X | E13: AZUL | F13: 1683.08 | G13: 0.1 | H13: 154.84
A14: 43266 | B14: 43631 | C14: ELIANE BARREIRAS CARBONE | D14: 4X | E14: PORTO | F14: 1653.32 | G14: 0.2 | H14: 304.21
A15: 43270 | B15: 43636 | C15: CARLOS LOPES REY | D15: 1X | E15: AZUL | F15: 839.01 | G15: 0.18 | H15: 138.94
A16: 43181 | B16: 43639 | C16: RAQUEL DOS SANTOS GONCALVES | D16: 12X | E16: TOKIO | F16: 2190.51 | G16: 0.1 | H16: 201.52
A17: 43273 | B17: 43638 | C17: JOSE MESSIAS BALBINO DO NASCIMENTO | D17: 6X | E17: SUL AMERICA | F17: 883.38 | G17: 0.22 | H17: 178.79
A18: 43278 | B18: 43643 | C18: THAIS FREITAS DOS SANTOS SOUZA | D18: 6x | E18: SUL AMERICA | F18: 2077.1 | G18: 0.1 | H18: 191.09
... A21: 43280 | B21: 43645 | C21: ERICA MARIA GOMES DE LIMA | D21: 4X | E21: PORTO | F21: 2258.5 | G21: 0.16 | H21: 332.45
F30: =SUM(F2:F29) -> 31903.05 | H30: =SUM(H2:H29) -> 4867.06 | I30: =SUM(I2:I29) -> 57.54

Sheet Julho 2018
A1: DATA DA TRANS. | B1: VIGÊNCIA | C1: SEGURADO | D1: QNT. DE PARCELAS | E1: SEGURADORA | F1: PREMIO LIQUIDO | G1: % COMISSAO | H1: VALOR DA COMISSÃO | I1: REPASSE COMISSÃO | J1: CORRETOR
A2: 43276 | B2: 43651 | C2: FERNANDO SERGIO VIANA MACHADO | D2: 4X | E2: PORTO | F2: 2574.54 | G2: 0.14 | H2: 331.6
A3: 43277 | B3: 43648 | C3: FRANCISCO WESLEY ALVES ALMEIDA RUFINO | D3: 1X | E3: PORTO | F3: 1134.93 | G3: 0.25 | H3: 261.03
A4: 43283 | B4: 43648 | C4: SUELI APARECIDA JORGE DE AZEVEDO | D4: 4X | E4: AZUL | F4: 1611.71 | G4: 0.2 | H4: 296.55
A5: 43284 | B5: 43653 | C5: GESIMARA DA COSTA MENDES | D5: 6X | E5: AZUL | F5: 1559.7 | G5: 0.13 | H5: 186.54
A6: 43285 | B6: 43653 | C6: ANSELMO DOS SANTOS UGARTE | D6: 6X | E6: AZUL | F6: 986.18 | G6: 0.1 | H6: 90.72
A7: 43286 | B7: 43649 | C7: CLAUDIA REGINA DIAS | D7: 5X | E7: ITAU | F7: 907.98 | G7: 0.21 | H7: 175.42
A8: 43290 | B8: 43625 | C8: RAIMUNDO NONATO NUNES | D8: 7x | E8: MITSUI | F8: 1187.8 | G8: 0.19 | H8: 207.62
A9: 43291 | B9: 43652 | C9: MARCIA ISABEL DOS SANTOS GASPAR FERREIRA | D9: 12X | E9: PORTO | F9: 2217.7 | G9: 0.1 | H9: 204.02
A10: 43291 | B10: 43654 | C10: MANOEL MAXIMINO LOPES FILHO | D10: 4X | E10: AZUL | F10: 1046.63 | G10: 0.14 | H10: 134.8
A11: 43291 | B11: 43656 | C11: WALTER VINICIUS GUZMAN DE OLIVEIRA | D11: 10X | E11: ITAU | F11: 938.44 | G11: 0.25 | H11: 215.84
A12: 43293 | B12: 43657 | C12: RILDO DE OLIVEIRA SOUZA | D12: 4X | E12: PORTO | F12: 1180.49 | G12: 0.14 | H12: 152.04
A13: 43293 | B13: 43658 | C13: SILVIA ROSANA FERRARINI BIGOTTO | D13: 3X | E13: PORTO | F13: 1038.34 | G13: 0.24 | H13: 229.26
A14: 43293 | B14: 43661 | C14: ANGELO MARCIO ALVES NEVES | D14: 4X | E14: MITSUI | F14: 1112.8 | G14: 0.16 | H14: 163.8
A15: 43293 | B15: 43658 | C15: RICARDO BUENO DE SOUZA | D15: 12X | E15: ITURAN | F15: 12X 81,90 + R$ 300 | G15: TAXA ÚNICA | H15: 150
A16: 43294 | B16: 43661 | C16: IOD EMBALAGENS LTDA | D16: 4X | E16: BRADESCO | F16: 3346.83 | G16: 0.13 | H16: 400.28
A17: 43294 | B17: 43661 | C17: DORIVAL MALHEIROS CARDOSO | D17: 4X | E17: SUL AMERICA | F17: 2696.5 | G17: 0.1 | H17: 248.07
A18: 43294 | B18: 43659 | C18: DANIEL ITO DE SOUZA | D18: 4X | E18: BRADESCO | F18: 1948.7 | G18: 0.1 | H18: 179.28
A19: 43297 | B19: 43659 | C19: IGOR RIBEIRO PIRES | D19: 1X | E19: PORTO | F19: 1261.72 | G19: 0.1 | H19: 116.07
A20: 43298 | B20: 43663 | C20: ANGELA MARIA FERREIRA DA SILVA | D20: 6X | E20: SUL AMERICA | F20: 2081.76 | G20: 0.1 | H20: 191.52
A21: 43298 | B21: 43663 | C21: JUSCELINO PEREIRA DE FREITAS | D21: 12X | E21: TOKIO | F21: 2907.06 | G21: 0.1 | H21: 267.44
A22: 43301 | B22: 43666 | C22: THAIS FREITAS DOS SANTOS | D22: 6X | E22: HDI | F22: 1846.89 | G22: 0.1 | H22: 169.91
A23: 43303 | B23: 43668 | C23: RAFAEL CUNHA DO NASCIMENTO | D23: 7X | E23: PORTO | F23: 1037.39 | G23: 0.23 | H23: 238.59
A24: 43304 | B24: 43665 | C24: VAGNO RODRIGUES DA SILVA | D24: 10X | E24: AZUL | F24: 1396.62 | G24: 0.1 | H24: 128.48
A25: 43305 | B25: 43663 | C25: REGIANI APARECIDA GARDELLI DEL BUSSO | D25: 10X | E25: AZUL | F25: 766.5 | G25: 0.21 | H25: 148.08
A26: 43305 | B26: 43668 | C26: FELIPE MOTA PENDECK | D26: 4X | E26: PORTO | F26: 2108.53 | G26: 0.14 | H26: 271.44
A27: 43306 | B27: 43673 | C27: MARCIO DA CONCEICAO CAVALCANTI | D27: 6X | E27: AZUL | F27: 1478.29 | G27: 0.1 | H27: 136
... A31: 43308 | B31: 43674 | C31: MARIA LUISA NONATO MARTINES | D31: 10X | E31: AZUL | F31: 1972.19 | G31: 0.1 | H31: 181.44
F36: =SUM(F2:F35) -> 47437.37 | H36: =SUM(H2:H35) -> 6421.07 | I36: =SUM(I2:I35) -> 0

Sheet Agosto 2018
A1: DATA DA TRANS. | B1: VIGÊNCIA | C1: SEGURADO | D1: QNT. DE PARCELAS | E1: SEGURADORA | F1: PREMIO LIQUIDO | G1: % COMISSAO | H1: VALOR DA COMISSÃO | I1: REPASSE COMISSÃO | J1: CORRETOR
A2: 43312 | B2: 43678 | C2: JOSE DONIZETTI CONSTANTE | D2: 10X | E2: AZUL | F2: 1645.3 | G2: 0.12 | H2: 181.64
A3: 43313 | B3: 43678 | C3: DIOGO SILVEIRA BENICIO | D3: 1X | E3: TOKIO | F3: 1437.16 | G3: 0.16 | H3: 211.54
A4: 43332 | B4: 43679 | C4: ERICA UGARTE CROCCI | D4: 4X | E4: TOKIO | F4: 1342.91 | G4: 0.18 | H4: 222.38 | I4: 111.19
A5: 43315 | B5: 43682 | C5: FABIO HENRIQUE ALVES DOS SANTOS | D5: 10X | E5: AZUL | F5: 1654.83 | G5: 0.1 | H5: 152.24
A6: 43315 | B6: 43680 | C6: CLELIA PEREIRA DA SILVA | D6: 6X | E6: HDI | F6: 2095.86 | G6: 0.16 | H6: 308.51
A7: 43319 | B7: 43684 | C7: RENATO LUCATELI SANTIAGO | D7: 10X | E7: AZUL | F7: 1574.7 | G7: 0.16 | H7: 231.79
A8: 43319 | B8: 43684 | C8: IVANILDO DOS SANTOS | D8: 3X | E8: SUHAI | F8: 821.27 | G8: 0.17 | H8: 128.44
A9: 43321 | B9: 43686 | C9: JULIANE MARQUES SOUSA | D9: 4X | E9: AZUL | F9: 1369.42 | G9: 0.14 | H9: 176.38
A10: 43321 | B10: 43689 | C10: PAULO RAIMUNDO BAUEB | D10: 4X | E10: AZUL | F10: 946.92 | G10: 0.2 | H10: 174.23
A11: 43321 | B11: 43687 | C11: EDVALDO FRANCISCO SANTOS | D11: 6X | E11: SUL AMERICA | F11: 1601.43 | G11: 0.13 | H11: 191.53
A12: 43322 | B12: 43687 | C12: JEFESON PEREIRA PIRES | D12: 6X | E12: SUL AMERICA | F12: 1971.85 | G12: 0.17 | H12: 308.39 | I12: 152.69
A13: 43325 | B13: 43690 | C13: SERGIO RIBEIRO TRINDADE | D13: 10X | E13: AZUL | F13: 1422.98 | G13: 0.1 | H13: 130.91 | I13: 65.45
A14: 43325 | B14: 43690 | C14: ENIO CARLOS SILVA | D14: 6X | E14: TOKIO | F14: 919.19 | G14: 0.1 | H14: 84.56
A15: 43327 | B15: 43692 | C15: WAGNER BARBOSA KOVACSIK | D15: 10X | E15: TOKIO | F15: 2675.65 | G15: 0.12 | H15: 295.39
A16: 43327 | B16: 43692 | C16: VALDEMIR DA SILVA ALMEIDA | D16: 4X | E16: PORTO | F16: 1194.04 | G16: 0.1 | H16: 109.85
A17: 43327 | B17: 43692 | C17: MAURICI AZEVEDO DO NASCIMENTO | D17: 6X | E17: HDI | F17: 2592.92 | G17: 0.18 | H17: 429.38
A18: 43327 | B18: 43692 | C18: MARIA JOSE DO NASCIMENTO PROCOPIO | D18: 6X | E18: TOKIO | F18: 1432.22 | G18: 0.14 | H18: 184.46
A19: 43328 | B19: 43693 | C19: KELLY CRISTINA ACACIO VICENTE | D19: 6X | E19: HDI | F19: 2594.28 | G19: 0.14 | H19: 334.14
A20: 43328 | B20: 43686 | C20: PEDRO PAULA FARIA | D20: 4X | E20: AZUL | F20: 967.75 | G20: 0.1 | H20: 89.03
A21: 43328 | B21: 43693 | C21: ROBERTA PRISCILA DA SILVA MATIAS | D21: 4X | E21: PORTO | F21: 2111.21 | G21: 0.1 | H21: 194.23
A22: 43329 | B22: 43694 | C22: MARTHA MARIA PEREIRA DE JESUS | D22: 6X | E22: TOKIO | F22: 2211 | G22: 0.16 | H22: 203.41
A23: 43332 | B23: 43697 | C23: MARCO AURELIO DA SILVA | D23: 4X | E23: AZUL | F23: 999.28 | G23: 0.25 | H23: 229.83
A24: 43332 | B24: 43697 | C24: TERESINHA YOSHIKO ITO DE SOUZA | D24: 4X | E24: PORTO | F24: 1172.72 | G24: 0.1 | H24: 107.89
A25: 43332 | B25: 43701 | C25: WILSON FERREIRA DO NASCIMENTO | D25: 10X | E25: AZUL | F25: 1742.28 | G25: 0.1 | H25: 160.28
A26: 43334 | B26: 43699 | C26: JERISVALDO FRANCISCO DOS SANTO | D26: 6X | E26: TOKIO | F26: 1035.52 | G26: 0.1 | H26: 95.26 | I26: 47.63
A27: 43335 | B27: 43700 | C27: JURION JUVENCIO DA SILVA | D27: 4X | E27: AZUL | F27: 4099.96 | G27: 0.1 | H27: 377.19
A28: 43336 | B28: 43336 | C28: ALCIDESIO CAETANO DA SILVA | D28: 4X | E28: AZUL | F28: 1888.92 | G28: 0.15 | H28: 260.67
A29: 43339 | B29: 43705 | C29: ALBERTO LINCOLN FERREIRA MALTA | D29: 4X | E29: AZUL | F29: 1166.15 | G29: 0.17 | H29: 182.38
A30: 43340 | B30: 43703 | C30: AQUINO EMPREENDIMENTOS IMOBILIARIOS LTDA | D30: 4X | E30: AZUL | F30: 982.61 | G30: 0.15 | H30: 135.6
A31: 43341 | B31: 43706 | C31: JOSE GERALDO MOREIRA | D31: 4X | E31: BRADESCO | F31: 3109.48 | G31: 0.1 | H31: 286.07
A32: 43342 | B32: 43707 | C32: CAMILA APARECIDA DE LIMA | D32: 5X | E32: SUL AMÉRICA | F32: 1447.67 | G32: 0.2 | H32: 266.37
F35: =SUM(F2:F34) -> 52227.48 | H35: =SUM(H2:H34) -> 6443.97 | I35: =SUM(I2:I34) -> 376.96

Sheet Setembro 2018
A1: DATA DA TRANS. | B1: VIGÊNCIA | C1: SEGURADO | D1: QNT. DE PARCELAS | E1: SEGURADORA | F1: PREMIO LIQUIDO | G1: % COMISSAO | H1: VALOR DA COMISSÃO | I1: REPASSE COMISSÃO | J1: CORRETOR
A2: 43341 | B2: 43347 | C2: FRANCISCO ELEOTORIO CHAGAS JUNIOR | D2: 4X | E2: PORTO | F2: 2569.33 | G2: 0.1 | H2: 236.37
A3: 43343 | B3: 43351 | C3: RICARDO BENEDITO CALAIS JESUS | D3: 6X | E3: TOKIO | F3: 807.52 | G3: 0.1 | H3: 74.29
A4: 43346 | B4: 43711 | C4: LUCIENE TEREZA DA SILVA | D4: 5X | E4: SUL AMÉRICA | F4: 1906.29 | G4: 0.1 | H4: 175.37
A5: 43347 | B5: 43720 | C5: EMERSON SOLTOSKI PINHEIRO | D5: 1X | E5: ITAU | F5: 1581.32 | G5: 0.2 | H5: 290.96
A6: 43349 | B6: - | C6: FELIPE BERRETELLA CONCEIÇÃO- | D6: - | E6: ITURAN | F6: - | H6: 150
A7: 43349 | B7: 43714 | C7: IOD EMBALAGENS | D7: 4X | E7: AZUL | F7: 3076.37 | G7: 0.1 | H7: 283.02
A8: 43354 | B8: 43720 | C8: ANA PAULA BRAGANÇA | D8: 6X | E8: SOMPO | F8: 1553.44 | G8: 0.16 | H8: 228.66
A9: 43354 | B9: 43724 | C9: COND. VILLAGIO PANAMBY | D9: 4X | E9: BRADESCO | F9: 2283.33 | G9: 0.1 | H9: 210.06
A10: 43355 | B10: 43720 | C10: LUCIANO DE LIMA ARAUJO | D10: 6X | E10: HDI | F10: 1257.63 | G10: 0.1 | H10: 115.7
A11: 43355 | B11: 43720 | C11: JOSE LUIS CABRAL DOS ANJOS | D11: 3X | E11: SUHAI | F11: 1257.52 | G11: 0.1 | H11: 115.69
A12: 43357 | B12: 43725 | C12: ANTIONIO DIONIOSIO ZARAMELLA | D12: 1X | E12: AZUL | F12: 1407.65 | G12: 0.15 | H12: 194.25
A13: 43357 | B13: 43722 | C13: FELIPE BERRETELLA CONCEIÇÃO | D13: 1X | E13: SUHAI | F13: 1959.95 | G13: 0.15 | H13: 270.47
A14: 43357 | B14: 43722 | C14: ANDREIA APARECIDA DE SOUSA | D14: 5X | E14: SUL AMÉRICA | F14: 2016.54 | G14: 0.1 | H14: 185.52
A15: 43358 | B15: 43723 | C15: GENI APARECIDA DE OLIVEIRA LOBO | D15: 4X | E15: AZUL | F15: 1005.82 | G15: 0.19 | H15: 175.81
A16: 43358 | B16: 43723 | C16: JOSE MILTON REIS | D16: 6X | E16: MITSUI | F16: 1125.24 | G16: 0.13 | H16: 134.57
A17: 43361 | B17: 43726 | C17: ALMIR BENEDITO ALGIZI | D17: 4X | E17: AZUL | F17: 1385.29 | G17: 0.18 | H17: 229.4
A18: 43361 | B18: 43722 | C18: MARCIA REGINA LUCATELLI SANTIAGO | D18: 4X | E18: AZUL | F18: 1586.26 | G18: 0.16 | H18: 233.49
... A30: 43378 | B30: 43371 | C30: IRENE MARIA MORAES SILVA | D30: 4X | E30: PORTO | F30: 1306.4 | G30: 0.15 | H30: 180.28
C32: emerson barbara
F35: =SUM(F4:F34) -> 44407.29 | H35: =SUM(H4:H34) -> 5334.65 | I35: =SUM(I4:I34) -> 0

Sheet Outubro 2018
A1: DATA DA TRANS. | B1: VIGÊNCIA | C1: SEGURADO | D1: QNT. DE PARCELAS | E1: SEGURADORA | F1: PREMIO LIQUIDO | G1: % COMISSAO | H1: VALOR DA COMISSÃO | I1: REPASSE COMISSÃO | J1: CORRETOR
A2: 43368 | B2: 43739 | C2: FRANCISCO DAS CHAGAS FERREIRA DE LIMA | D2: 5X | E2: SUL AMERICA | F2: 4420.38 | G2: 0.1 | H2: 406.67
A3: 43375 | B3: 43740 | C3: MARCO ANTONIO DE ANDRADE + CARTAO PORTO--- | D3: 4X | E3: PORTO | F3: 1275.7 | G3: 0.22 | H3: 388.5 | I3: 194.25
A4: 43378 | B4: 43743 | C4: THIAGO DOS SANTOS BARBOSA | D4: 3X | E4: SUHAI | F4: 1990.92 | G4: 0.13 | H4: 238.11
A5: 43378 | B5: 43743 | C5: JEAN PIERRE ANTONIO DA SILVA | D5: 6X | E5: MAPFRE | F5: 7990.86 | G5: 0.1 | H5: 735.15
A6: 43381 | B6: 43746 | C6: JOSE AURINO DA SILVA | D6: 11X | E6: PORTO | F6: 5086.8 | G6: 0.1 | H6: 467.98
A7: 43381 | B7: 43746 | C7: BRUNO HENRIQUE NOVAES | D7: 12X | E7: SUHAI | F7: 776.26 | G7: 0.17 | H7: 121.4
A8: 43382 | B8: 43747 | C8: MARCOS LEANDRO DA SILVA | D8: 10X | E8: TOKIO | F8: 1674.47 | G8: 0.12 | H8: 184.86
A9: 43384 | B9: 43743 | C9: SUEMARY LOPES DE BARROS | D9: 4X | E9: AZUL | F9: 1252.33 | G9: 0.1 | H9: 115.21
A10: 43384 | B10: 43749 | C10: ALEX GONCALVES DE ANDRADE | D10: 4X | E10: TOKIO | F10: 1547.41 | G10: 0.18 | H10: 256.25
A11: 43388 | B11: 43751 | C11: JOAO VITOR MOITINHO REIS | D11: 10X | E11: ITAU | F11: 1752.24 | G11: 0.14 | H11: 225.68
A12: 43388 | B12: 43752 | C12: JULIANA MAITAN BITTERCOURT | D12: 4X | E12: PORTO | F12: 1860.79 | G12: 0.1 | H12: 171.19
A13: 43389 | B13: 43754 | C13: CARMEN REGINA DOS SANTOS | D13: 4X | E13: ALLIANZ | F13: 1546.51 | G13: 0.1 | H13: 142.27
A14: 43390 | B14: 43750 | C14: MARCOS LEANDRO DA SILVA | D14: 4X | E14: AZUL | F14: 1113.7 | G14: 0.18 | H14: 184.42
A15: 43390 | B15: 43755 | C15: ANDERSON CRISTIANO GONVALVES | D15: 1X | E15: SUHAI | F15: 2724.56 | G15: 0.1 | H15: 250.65
... A22: 43394 | B22: 43764 | C22: FRANCISCO GOMES NETO | D22: 5X | E22: PORTO | F22: 2851.32 | G22: 0.1 | H22: 262.32
A23: 43392 | B23: 43757 | C23: WELLINGTON ROBERTO DO NASCIMENTO | D23: 12X | E23: ITURAN | F23: 0 | G23: PARCELA FIXA | H23: 150 | I23: 75 | J23: LUCIANO JUNIOR
A24: 43402 | B24: 43764 | C24: WALTER PEREIRA DE ALMEIDA | D24: 10X | E24: AZUL | F24: 1291.66 | G24: 0.15 | H24: 178.24
A25: 43768 | B25: 43768 | C25: ISAAC VILLASBOAS DE OLIVEIRA | D25: 4X | E25: AZUL | F25: 1705.84 | G25: 0.15 | H25: 235.41 | I25: SIM
A27: 43405 | B27: 43768 | C27: ALOISIO MORAES SANTOS FILHO | D27: 4X | E27: AZUL | F27: 2015.4 | G27: 0.15 | H27: 278.12
A28: 43409 | B28: 43769 | C28: LUZIA BARBOSA | D28: 4X | E28: AZUL | F28: 2180.84 | G28: 0.15 | H28: 323.16
C31: ENDOSSO PEDRO E RODOLFO PIERONI/ marcio / jhonny/ valdo | D31: denisson/jose | E31: carlos alberto
F32: =SUM(F2:F31) -> 53544.62 | H32: =SUM(H2:H31) -> 6257.102 | I32: =SUM(I2:I31) -> 269.25

Sheet Novembro 2018
A1: DATA DA TRANS. | B1: VIGÊNCIA | C1: SEGURADO | D1: QNT. DE PARCELAS | E1: SEGURADORA | F1: PREMIO LIQUIDO | G1: % COMISSAO | H1: VALOR DA COMISSÃO | I1: REPASSE COMISSÃO | J1: CORRETOR
A2: 43101 | B2: 43770 | C2: PAULO TADEU HORACIO | D2: 5X | E2: ALLIANZ | F2: 2456.6 | G2: 0.1 | H2: 226
A3: 43101 | B3: 43770 | C3: VILMAR BONITO DE OLIVEIRA | D3: 4X | E3: TOKIO | F3: 1671.44 | G3: 0.15 | H3: 230.65
A4: 43101 | B4: 43774 | C4: ANDRE BARBOSA DA SILVA | D4: 8X | E4: PORTO | F4: 1344.76 | G4: 0.1 | H4: 123.71
A5: 43101 | B5: 43466 | C5: FERNANDA GONZALES DE LIMA | D5: 1X | E5: MITSUI | F5: 1299.7 | G5: 0.1 | H5: 119.57
A6: 43130 | B6: 43775 | C6: LAIZ BALZANO | D6: 6X | E6: ALLIANZ | F6: 2963.02 | G6: 0.1 | H6: 272.59
A7: 43106 | B7: 43775 | C7: IVANILSO HEMETERIO DA SILVA | D7: 4X | E7: AZUL | F7: 1377.06 | G7: 0.15 | H7: 190.03
A8: 43106 | B8: 43775 | C8: BRUNA MARCELA DA SILVA JUSTI | D8: 1X | E8: TOKIO | F8: 2480.06 | G8: 0.1 | H8: 228.16
A9: 43107 | B9: 43776 | C9: LUCIENE APARECIDA PANSARIM MEIRELES | D9: 5X | E9: AZUL | F9: 1217.03 | G9: 0.15 | H9: 167.95
A10: 43108 | B10: 43777 | C10: GILMARIA GOMES DOS SANTOS | D10: 6X | E10: AZUL | F10: 1726.91 | G10: 0.1 | H10: 158.88
A11: 43413 | B11: 43788 | C11: ROBERTO RIBEIRO TRINDADE | D11: 4X | E11: AZUL | F11: 1535.09 | G11: 0.1 | H11: 141.22 | I11: 70.61
A12: 43413 | B12: 43778 | C12: ALEX SANDRO BRAGATO | D12: 6X | E12: MITSUI | F12: 2390.2 | G12: 0.1 | H12: 219.89
A13: 43413 | B13: 43778 | C13: PRISCILA CEZAR IRACY GUIDINO | D13: 4X | E13: AZUL | F13: 1657.36 | G13: 0.1 | H13: 152.47
A14: 43416 | B14: 43779 | C14: JULIA DE CARVALHO SANTANA | D14: 4X | E14: AZUL | F14: 1686.17 | G14: 0.1 | H14: 155.12 | I14: 77.56
A15: 43416 | B15: 43785 | C15: TARCISIO ANTONIO VALENTIM | D15: 1X | E15: ALLIANZ | F15: 2115.46 | G15: 0.2 | H15: 389.24
A16: 43416 | B16: 43781 | C16: SEBASTIAO MARCIO CAPELLO | D16: 1X | E16: AZUL | F16: 909.17 | G16: 0.17 | H16: 150.55
A17: 43416 | B17: 43778 | C17: ANDREZA PATRICIA LOPES PONTES | D17: 4X | E17: AZUL | F17: 5040.11 | G17: 0.1 | H17: 463.69
A18: 43417 | B18: 43780 | C18: MARIA TOSHIKO OKADA | D18: 4X | E18: AZUL | F18: 1207.74 | G18: 0.1 | H18: 111.11
A19: 43417 | B19: 43780 | C19: ADEMIR CIRINO GARCIA | D19: 4X | E19: AZUL | F19: 1062.72 | G19: 0.2 | H19: 195.54
A20: 43418 | B20: 43783 | C20: ROSANA ARAKAKI GUIMARAES | D20: 5X | E20: PORTO | F20: 2479.49 | G20: 0.1 | H20: 228.11
A21: 43420 | B21: 43791 | C21: IZAIAS MENDES DA SILVA | D21: 6X | E21: TOKIO | F21: 1118.47 | G21: 0.1 | H21: 102.89
A22: 43425 | B22: 43785 | C22: SEVERINO BERNARDO DA SILVA | D22: 4X | E22: AZUL | F22: 1648.49 | G22: 0.15 | H22: 227.49
A23: 43425 | B23: 43788 | C23: MICNEIAS PEREIRA DA SILVA JUNIOR | D23: 10X | E23: TOKIO | F23: 2011.44 | G23: 0.17 | H23: 314.58
A24: 43425 | B24: 43791 | C24: ANTONIEL MOURA FEITOSA | D24: 10X | E24: AZUL | F24: 1212.82 | G24: 0.13 | H24: 145.05
A25: 43427 | B25: 43797 | C25: RUFINO COSTA SOUZA | D25: 4X | E25: AZUL | F25: 2331.5 | G25: 0.1 | H25: 214.19
A26: 43430 | B26: 43795 | C26: GZERO SOLUCOES EM MAQUINAS E EQUIPAMENTOS LTDA | D26: 4X | E26: HDI | F26: 1011.17 | G26: 0.1 | H26: 93.02
A27: 43431 | B27: 43791 | C27: FLAVIA RUBIA DE PAULA | D27: 10X | E27: AZUL | F27: 1495.63 | G27: 0.1 | H27: 137.59
A28: 43431 | B28: 43687 | D28: 2X | E28: SULAMÉRICA | F28: 492.91 | G28: 0.17 | H28: 77.09 | I28: 38.54
A29: 43432 | B29: 43797 | C29: DANIELA AVELINO CUNHA DE ANDRADE | D29: 4X | E29: AZUL | F29: 2284.6 | G29: 0.15 | H29: 315.27
A30: 43434 | B30: 43799 | C30: ESTANISLAU SEVERINO DE ARRUDA JUNIOR | D30: 7X | E30: ITAU | F30: 1104.24 | G30: 0.17 | H30: 172.7
A31: 43434 | B31: 43799 | C31: CEZAR ZAMPIERI RIBEIRO | D31: 5X | E31: PORTO | F31: 2222.47 | G31: 0.15 | H31: 306.7
A32: 43437 | B32: 43791 | C32: LILIAN APARECIDA FILADELFO DA COSTA | D32: 10X | E32: PORTO | F32: 1280.85 | G32: 0.15 | H32: 176.75
A33: 43438 | B33: 43799 | C33: FERNANDA ASSIS SARNES | D33: 1X | E33: AZUL | F33: 1664.34 | G33: 0.15 | H33: 229.67
C39: endosso andreia/ ariane/ endosso zeno
F40: =SUM(F2:F39) -> 56499.02 | H40: =SUM(H2:H39) -> 6437.47 | I40: =SUM(I2:I39) -> 186.71

Sheet Dezembro 2018
A1: DATA DA TRANS. | B1: VIGÊNCIA | C1: SEGURADO | D1: QNT. DE PARCELAS | E1: SEGURADORA | F1: PREMIO LIQUIDO | G1: % COMISSAO | H1: VALOR DA COMISSÃO | I1: REPASSE COMISSÃO | J1: CORRETOR
A2: 43431 | B2: 43435 | C2: SAMANTHA CRISTINA SOLANO RODRIGUES | D2: 1X | E2: AZUL | F2: 866.13 | G2: 0.15 | H2: 119.52
A3: 43434 | B3: 43435 | C3: EMERSON DE PAULA BARBARA | D3: 4X | E3: BRADESCO | F3: 1470.15 | G3: 0.1 | H3: 135.25
A4: 43440 | B4: 43805 | C4: MARCELO PAULO DE OLIVEIRA | D4: 4X | E4: PORTO | F4: 2229.92 | G4: 0.2 | H4: 410.3
A5: 43440 | B5: 43805 | C5: ROBERTA GUACIRA DE SOUZA GOMES | D5: 1X | E5: AZUL | F5: 1501.94 | G5: 0.1 | H5: 138.17
A6: 43441 | B6: 43808 | C6: ANA MARIA SOTERO LIMA | D6: 3X | E6: AZUL | F6: 1307.5 | G6: 0.2 | H6: 240.58
A7: 43444 | B7: 43802 | C7: ALEXANDRA SEREICIKAS DE SOUZA LIMA | D7: 4X | E7: AZUL | F7: 2207 | G7: 0.15 | H7: 304.56
A8: 43445 | B8: 43814 | C8: ANDRE THIAGO REBECHI | D8: 6X | E8: TOKIO | F8: 1658.56 | G8: 0.1 | H8: 152.59
A9: 43446 | B9: 43809 | C9: ADAUTO DA SILVA RODRIGUES | D9: 5X | E9: PORTO | F9: 2376.34 | G9: 0.1 | H9: 218.62
A10: 43446 | B10: 43818 | C10: RODRIGO CINTRA SANTOS | D10: 12X | E10: ITURAN | F10: * | G10: TAXA ÚNICA | H10: 150
A11: 43448 | B11: 43814 | C11: RAFAEL CUNHA DO NASCIMENTO | D11: 1X | E11: AZUL | F11: 1464.9 | G11: 0.14 | H11: 188.67
A12: 43451 | B12: 43816 | C12: MILENA STEFANY DE AQUINO | D12: 10X | E12: TOKIO | F12: 1654.89 | G12: 0.15 | H12: 228.37
A13: 43451 | B13: 43814 | C13: MILENA STEFANY DE AQUINO | D13: 8X | E13: AZUL | F13: 2234.57 | G13: 0.1 | H13: 205.58
A14: 43452 | B14: 43817 | C14: TATIANE CALICCHIO(EQUIPAMENTOS PORTATEIS) | D14: 4X | E14: PORTO | F14: 794.4 | G14: 0.19 | H14: 138.86
A15: 43445 | B15: 43810 | C15: PRISICLA CALICCIHO(EQUIPAMENTOS PORTATEIS) | D15: 4X | E15: PORTO | F15: 557.11 | G15: 0.19 | H15: 97.38
A16: 43452 | B16: 43817 | C16: ALEXANDRE VIANA DIAS | D16: 4X | E16: PORTO | F16: 2265.68 | G16: 0.1 | H16: 208.44
A17: 43452 | B17: 43814 | C17: SOLANGE ALMEIDA RODRIGUES | D17: 4X | E17: AZUL | F17: 1468.54 | G17: 0.15 | H17: 202.65
A18: 43452 | B18: 43822 | C18: OSWALDO ANTONIO MENDES | D18: 4X | E18: AZUL | F18: 1369.61 | G18: 0.12 | H18: 151.2
A19: 43454 | B19: 43456 | C19: MICHELINE DE MELLO SANCHES | D19: 4x | E19: AZUL | F19: 1000.5 | G19: 0.15 | H19: 138.09
A20: 43454 | B20: 43818 | C20: ESTANISLAU SEVERINO DE ARRUDA JUNIOR | D20: 6X | E20: AZUL | F20: 1388.76 | G20: 0.15 | H20: 191.64
A21: 43455 | B21: 43820 | C21: ZELIA ROCHA EMPREENDIMENTOS IMOBILIARIOS | D21: 10X | E21: AZUL | F21: 1684.87 | G21: 0.1 | H21: 155
A22: 43455 | B22: 43823 | C22: ABERLARDO MATIAS BACELAR | D22: 6X | E22: SUL AMERICA | F22: 1666.15 | G22: 0.1 | H22: 153.28
... A35: 43454 | B35: 43454 | C35: PAULO RAIMUNDO BAUEB | D35: 4X | E35: AZUL | F35: 946.92 | G35: 0.25 | H35: 224.69
C40: antonio zaramella / francisco peres / marcia evangelista/andreia
F41: =SUM(F2:F40) -> 58777.12 | H41: =SUM(H2:H40) -> 6670.27 | I41: =SUM(I2:I40) -> 0

Sheet Janeiro 2019
A1: DATA DA TRANS. | B1: VIGÊNCIA | C1: SEGURADO | D1: QNT. DE PARCELAS | E1: SEGURADORA | F1: PREMIO LIQUIDO | G1: % COMISSAO | H1: VALOR DA COMISSÃO | I1: REPASSE COMISSÃO | J1: CORRETOR
A2: 43448 | B2: 43833 | C2: OSVALDO GONCALVES DE ALMEIDA | D2: 1X | E2: AZUL | F2: 1423.62 | G2: 0.2 | H2: 261.94
A3: 43462 | B3: 43835 | C3: KATIA REGINA DA SILVA | D3: 4X | E3: PORTO | F3: 2357.67 | G3: 0.2 | H3: 433.81
A4: 43462 | B4: 43838 | C4: MARCOS RODRIGUES DOS SANTOS | D4: 4X | E4: AZUL | F4: 967.98 | G4: 0.25 | H4: 222.63
A5: 43462 | B5: 43835 | C5: ADRIANA MARIA PEREIRA | D5: 4x | E5: AZUL | F5: 1606.47 | G5: 0.2 | H5: 280.81
A6: 43467 | B6: 43835 | C6: ANTONIO CESAR ESTEVES | D6: 4X | E6: AZUL | F6: 1542.35 | G6: 0.25 | H6: 354.74 | I6: 177.37
A7: 43468 | B7: 43841 | C7: ROBERTA BOBADILLO PIRILLO | D7: 7x | E7: PORTO | F7: 2122.04 | G7: 0.2 | H7: 390.45
A8: 43469 | B8: 43834 | C8: RESIMARIA GOMES DOS SANTOS | D8: 6X | E8: SUL AMERICA | F8: 1572.69 | G8: 0.11 | H8: 159.15
A9: 43469 | B9: 43834 | C9: ASAFE GONÇALVES RAMOS | D9: 12X | E9: SUHAI | F9: 4797.57 | G9: 0.17 | H9: 750.33
A10: 43469 | B10: 43834 | C10: EDNA NUNES SANT ANNA | D10: 4X | E10: PORTO | F10: 2397.84 | G10: 0.1 | H10: 220.6
A11: 43472 | B11: 43837 | C11: CAMILA APARECIDA DE LIMA | D11: 6X | E11: TOKIO | F11: 1746.24 | G11: 0.16 | H11: 257.04
A12: 43474 | B12: 43837 | C12: CAROLINA DELBOUX MINUCHI | D12: 1X | E12: AZUL | F12: 1127.9 | G12: 0.25 | H12: 259.41 | I12: 129.5
A13: 43473 | B13: 43840 | C13: LUANA CARLA MARQUES | D13: 1X | E13: AZUL | F13: 1564.08 | G13: 0.17 | H13: 244.62
A14: 43475 | B14: 43852 | C14: CARLOS ALBERTO ROQUE DOS SANTOS | D14: 4X | E14: AZUL | F14: 1226.12 | G14: 0.25 | H14: 282
A15: 43475 | B15: 43836 | C15: LINDOMAR XAVIER DO NASCIMENTO | D15: 4X | E15: AZUL | F15: 1793.82 | G15: 0.1 | H15: 165.03
A16: 43476 | B16: 43842 | C16: DAYANE LIMA CRISTINA JERONYMO | D16: 4X | E16: AZUL | F16: 1855.4 | G16: 0.15 | H16: 256.04
A17: 43476 | B17: 43845 | C17: FABIO DOS SANTOS SOUZA | D17: 4X | E17: ITAU | F17: 4640.55 | G17: 0.15 | H17: 640.39
A18: 43476 | B18: 43845 | C18: MARCIO CESAR BANDO | D18: 4X | E18: PORTO | F18: 1711.84 | G18: 0.15 | H18: 236.22
A19: 43480 | B19: 43845 | C19: SERGIO RIBEIRO TRINDADE | D19: 5X | E19: PORTO | F19: 1641.61 | G19: 0.15 | H19: 226.54 | I19: 113.27
A20: 43481 | B20: 43845 | C20: FATIMA KAZUE KINJO | D20: 10X | E20: BRADESCO | F20: 2211.17 | G20: 0.2 | H20: 406.85
A21: 43481 | B21: 43856 | C21: CAMILA GUIMARAES | D21: 10X | E21: BRADESCO | F21: 2259.92 | G21: 0.18 | H21: 374.24
A22: 43482 | B22: 43847 | C22: ROSANA CLAUDIA FAUSTINO | D22: 7X | E22: AZUL | F22: 1726.51 | G22: 0.12 | H22: 190.6
A23: 43487 | B23: 44188 | C23: MIRIA CORREA PEREIRA | D23: 6X | E23: ALLIANZ | F23: 2196.1 | G23: 0.1 | H23: 202.04
A24: 43488 | B24: 44188 | C24: AMANDA LOPES EVANGELISTA DOS SANTOS | D24: 12X | E24: SUHAI | F24: 1295.01 | G24: 0.1 | H24: 119.14
A25: 43488 | B25: 43853 | C25: ANSELMO DOS SANTOS UGARTE | D25: 4X | E25: BRADESCO | F25: 1292.4 | G25: 0.1 | H25: 118.9
A26: 43489 | B26: 43854 | C26: SAMIR ZANPIERI RIBEIRO | D26: 5X | E26: SUL AMERICA | F26: 728.59 | G26: 0.22 | H26: 147.46
A27: 43489 | B27: 43854 | C27: JEFFERSON RODRIGUES | D27: 6X | E27: ALLIANZ | F27: 3430.23 | G27: 0.1 | H27: 315.58
A28: 43490 | B28: 43855 | C28: MAYARA CRISTINA DA SILVA OLIMPIO | D28: 4X | E28: AZUL | F28: 853.68 | G28: 0.1 | H28: 78.53
A29: 43494 | B29: 43860 | C29: ADILSON DIAS DA SILVA | D29: 4X | E29: ALLIANZ | F29: 2540.72 | G29: 0.1 | H29: 233.74
A30: 43495 | B30: 43860 | C30: M ALMEIDA EMPREEND IMOBILIARIOS | D30: 6X | E30: AZUL | F30: 1354.91 | G30: 0.1 | H30: 124.65
A31: 43501 | B31: 43861 | C31: VALDEMIR NORBERTO DA SILVA | D31: 10X | E31: PORTO | F31: 1157.56 | G31: 0.1 | H31: 106.49
C40: fonseca / marcio/anselmo/silvia/
F41: =SUM(F2:F40) -> 57142.59 | H41: =SUM(H2:H40) -> 8059.97 | I41: =SUM(I2:I40) -> 420.14

Sheet Fevereiro 2019
A1: DATA DA TRANS. | B1: VIGÊNCIA | C1: SEGURADO | D1: QNT. DE PARCELAS | E1: SEGURADORA | F1: PREMIO LIQUIDO | G1: % COMISSAO | H1: VALOR DA COMISSÃO | I1: REPASSE COMISSÃO | J1: CORRETOR
A2: 43517 | B2: 43867 | C2: GENILDA PEREIRA GILIOLI | D2: 4X | E2: AZUL | F2: 1238.57 | G2: 0.1 | H2: 113.94
A3: 43494 | B3: 43867 | C3: MARCUS VINICIUS DE SOUZA OLIMPIO | D3: 4X | E3: AZUL | F3: 930.94 | G3: 0.15 | H3: 128.46
A4: 43495 | B4: 43862 | C4: FRANCISCO JOSE MOREIRA | D4: 4x | E4: PORTO | F4: 2017.12 | G4: 0.1 | H4: 185.57
A5: 43496 | B5: 43864 | C5: NOZIOZENO BATISTA DOS SANTOS | D5: 4X | E5: PORTO | F5: 1606.25 | G5: 0.15 | H5: 221.66
A6: 43496 | B6: 43862 | C6: DJALMA DOS ANJOS SILVA | D6: 10X | E6: AZUL | F6: 1116.84 | G6: 0.21 | H6: 215.77
A7: 43466 | B7: 43863 | C7: PABLO RODRIGUES BRANDAO | D7: 4X | E7: AZUL | F7: 2798.11 | G7: 0.12 | H7: 308.91
A8: 43466 | B8: 43862 | C8: HILTON CARLOS VIANA VASCONCELOS | D8: 6X | E8: TOKIO | F8: 4159.94 | G8: 0.18 | H8: 688.88
A9: 43466 | B9: 43866 | C9: IVONE ALVES DE MELO | D9: 6X | E9: SOMPO | F9: 1612.59 | G9: 0.23 | H9: 341.22
A10: 43466 | B10: 43863 | C10: JAIME MOTA FERREIRA | D10: 6X | E10: ALLIANZ | F10: 2270.94 | G10: 0.1 | H10: 208.92
A11: 43469 | B11: 43863 | C11: HUMBERTO MATIAS ALVES DA SILVA | D11: 5X | E11: PORTO | F11: 1976.4 | G11: 0.1 | H11: 181.82
A12: 43470 | B12: 43864 | C12: ROSICLEA TAVARES SANTOS | D12: 4X | E12: AZUL | F12: 2998.63 | G12: 0.13 | H12: 358.63
A13: 43471 | B13: 43866 | C13: ADRINI CARLOS CORTEZ | D13: 3X | E13: AZUL | F13: 1372.69 | G13: 0.12 | H13: 151.54
... A38: 43524 | B38: 43889 | C38: FELIPE GEOVENESI FERNANDES | D38: 12X | E38: TOKIO | F38: 4123.72 | G38: 0.1 | H38: 379.38
C41: silvio/gislanio/silvia/marcio/sollo/enio/juscelino/adriana/leydiana
F42: =SUM(F2:F41) -> 69987.372 | H42: =SUM(H2:H41) -> 8595.42 | I42: =SUM(I2:I41) -> 0

Sheet Março 2019
A1: DATA DA TRANS. | B1: VIGÊNCIA | C1: SEGURADO | D1: QNT. DE PARCELAS | E1: SEGURADORA | F1: PREMIO LIQUIDO | G1: % COMISSAO | H1: VALOR DA COMISSÃO | I1: REPASSE COMISSÃO | J1: CORRETOR
A2: 43487 | B2: 43831 | C2: LUCIANA PIERONI COUTINHO | D2: 3X | E2: HDI | F2: 1315.05 | G2: 0.25 | H2: 302.46
A3: 43491 | B3: 43836 | C3: VERA LUCIA MARQUES | D3: 4X | E3: AZUL | F3: 1415.55 | G3: 0.22 | H3: 286.5
A4: 43525 | B4: 43840 | C4: CARLOS ALBERTO PINTO | D4: 4X | E4: AZUL | F4: 2198.5 | G4: 0.2 | H4: 404.52
A5: 43525 | B5: 43834 | C5: FABIO LUIS DO CARMO | D5: 4X | E5: AZUL | F5: 1362.15 | G5: 0.2 | H5: 250.63
A6: 43525 | B6: 43836 | C6: EDSON COSTA | D6: 4X | E6: BRADESCO | F6: 1218.32 | G6: 0.2 | H6: 224.17
A7: 43525 | B7: 43891 | C7: CELIA CLARICE DE MELO DEL CAMPO | D7: 10X | E7: MAPFRE | F7: 1807.54 | G7: 0.1 | H7: 166.29
A8: 43525 | B8: 43892 | C8: NEIDE SUELY WETZKER | D8: 1X | E8: AZUL | F8: 1919.44 | G8: 0.13 | H8: 229.56
A9: 43525 | B9: 43891 | C9: MIRIAN RIBEIRO | D9: 4X | E9: SUL AMERICA | F9: 2145.67 | G9: 0.1 | H9: 197.4
A10: 43525 | B10: 43909 | C10: MARCIO DA CONCEICAO CAVALCANTI | D10: 10X | E10: TOKIO | F10: 904.71 | G10: 0.18 | H10: 149.81
A11: 43529 | B11: 43896 | C11: EDSON BATISA MORAES | D11: 7X | E11: AZUL | F11: 1383.47 | G11: 0.15 | H11: 157.14
A12: 43530 | B12: 43896 | C12: JHONNY GUIMARAES BISPO DIAS | D12: 6X | E12: SUL AMERICA | F12: 2567.18 | G12: 0.1 | H12: 236.18
A13: 43530 | B13: 43898 | C13: WESLEY MENDES SANTIAGO DA CRUZ | D13: 10X | E13: SUL AMERICA | F13: 931.89 | G13: 0.2 | H13: 171.46
... A23: 43550 | B23: 43905 | C23: VIVIAN CREPALDI BARACHO | D23: 4X | E23: PORTO | F23: 6935.41 | G23: 0.1 | H23: 638.05
A24: 43544 | B24: 43909 | C24: EDUARDO PASSITO GARCIA | D24: 10X | E24: AZUL | F24: 1628.1 | G24: 0.1 | H24: 149.78 | I24: 74.89 | J24: ALEXANDRE
A25: 43544 | B25: 43912 | C25: DENISSON TAVARES SANTOS | D25: 6X | E25: TOKIO | F25: 1552.31 | G25: 0.1 | H25: 142.81
A26: 43544 | B26: 43913 | C26: PAULO REMILTON PEREIRA DA FONSECA | D26: 4X | E26: PORTO | F26: 1333.31 | G26: 0.18 | H26: 220.79
A27: 43545 | B27: 43911 | C27: JORGE LUIZ DE MELO | D27: 4X | E27: MITSUI | F27: 1537.89 | G27: 0.1 | H27: 141.48
A28: 43549 | B28: 43915 | C28: RENATA CARLA FAUSTINO DE MELO | D28: 4X | E28: ALLIANZ | F28: 2093.8 | G28: 0.1 | H28: 195.69
A29: 43545 | B29: 43911 | C29: VALDECI NORBERTO DA SILVA | D29: 4X | E29: AZUL | F29: 1511.63 | G29: 0.1 | H29: 250.32
A30: 43544 | B30: 43910 | C30: IGNACIO TOLOSA ITURRALDE | D30: 6X | E30: SUL AMERICA | F30: 1567.3 | G30: 0.13 | H30: 187.44
A31: 43543 | B31: 43909 | C31: RODRIGO DE SOUZA FERREIRA | D31: 2X | E31: TOKIO | F31: 1569.63 | G31: 0.1 | H31: 144.4 | I31: 72.2 | J31: VICTOR
A32: 43551 | B32: 43917 | C32: EDSON JUNIOR GALBREST | D32: 6X | E32: AZUL | F32: 1716.75 | G32: 0.18 | H32: 284.29
A33: 43550 | B33: 43906 | C33: ALINE DA SILVA OLIVEIRA | D33: 6X | E33: AZUL | F33: 2010.05 | G33: 0.1 | H33: 184.92
A34: 43552 | B34: 43919 | C34: RITA DE CASSIA MENDES | D34: 3X | E34: AZUL | F34: 1227.93 | G34: 0.15 | H34: 169.45
A35: 43553 | B35: 43919 | C35: EMERSON SOLTOSKI PINHEIRO | D35: 1X | E35: PORTO | F35: 1681.41 | G35: 0.1 | H35: 154.66
C40: angela
F41: =SUM(F2:F40) -> 61049.59 | H41: =SUM(H2:H40) -> 7581.04 | I41: =SUM(I2:I40) -> 147.09

Sheet Abril 2019
A1: DATA DA TRANS. | B1: VIGÊNCIA | C1: SEGURADO | D1: QNT. DE PARCELAS | E1: SEGURADORA | F1: PREMIO LIQUIDO | G1: % COMISSAO | H1: VALOR DA COMISSÃO | I1: REPASSE COMISSÃO | J1: CORRETOR
A2: 43550 | B2: 43924 | C2: WAGNER DE MOURA SOUZA | D2: 12X | E2: SUHAI | F2: 1046.42 | G2: 0.22 | H2: 211.79
A3: 43556 | B3: 43922 | C3: VINICIUS ALEXANDRE PATROCINIO | D3: 6X | E3: AZUL | F3: 738.69 | G3: 0.1 | H3: 67.95
A4: 43557 | B4: 43930 | C4: SERGIO AUGUSTO PIRILLO | D4: 6X | E4: MAPFRE | F4: 7128.5 | G4: 0.12 | H4: 786.98
A5: 43557 | B5: 43923 | C5: FRANCISCO PAIVA FREITAS | D5: 3X | E5: AZUL | F5: 1070.99 | G5: 0.18 | H5: 177.35
A6: 43556 | B6: 43922 | C6: ABDIEL ROBERTO DE CARVALHO | D6: 12x | E6: ITURAN | G6: TAXA ÚNICA | H6: 150 | I6: 75 | J6: Luciano Junior
A7: 43559 | B7: 43925 | C7: TRANS CONEXAO LOG LTDA | D7: 4X | E7: MAPFRE | F7: 3108.5 | G7: 0.1 | H7: 285.98
A8: 43558 | B8: 43924 | C8: MARCELO DOS SANTOS BUSTO | D8: 8X | E8: TOKIO | F8: 1494.29 | G8: 0.1 | H8: 137.47
A9: 43562 | B9: 43928 | C9: RAFAEL SOUZA BRITO DOS SANTOS | D9: 10X | E9: AZUL | F9: 2177.83 | G9: 0.1 | H9: 200.28 | I9: 100 | J9: ALEXANDRE
A10: 43560 | B10: 43926 | C10: GEOVANE DA SILVA SANTOS | D10: 10X | E10: ITAU | F10: 931.5 | G10: 0.25 | H10: 214.24
A11: 43567 | B11: 43933 | C11: FRANCISCO ARMANDO PERES | D11: 1X | E11: TOKIO | F11: 1382 | G11: 0.22 | H11: 279.71
A12: 43564 | B12: 43930 | C12: DENISE FERREIRA NUNES | D12: 3X | E12: TOKIO | F12: 2134.69 | G12: 0.1 | H12: 196.39 | I12: 98.19 | J12: PATRICIA
A13: 43564 | B13: 43931 | C13: ARNALDO FRIAS FILHO | D13: 6X | E13: AZUL | F13: 1706.49 | G13: 0.1 | H13: 156.99
A14: 43564 | B14: 43930 | C14: RODRIGO CARRERAS DE OLIVEIRA MOTA | D14: 4X | E14: AZUL | F14: 2179.02 | G14: 0.1 | H14: 200.46
A15: 43566 | B15: 43932 | C15: IOD EMBALAGENS LTDA | D15: 4X | E15: BRADESCO | F15: 2398.51 | G15: 0.12 | H15: 264.77
A16: 43932 | B16: 43926 | C16: ANA CARLA ARAUJO DE SOUZA | D16: 4X | E16: AZUL | F16: 1292.42 | G16: 0.19 | H16: 225.91
A17: 43566 | B17: 43935 | C17: GABRIEL AURICHIO FERNANDES | D17: 6X | E17: SOMPO | F17: 2863.53 | G17: 0.1 | H17: 263.48
A18: 43566 | B18: 43932 | C18: JAILTON ROSA DE SOUZA JUNIOR | D18: 10X | E18: SUHAI | F18: 2007.58 | G18: 0.1 | H18: 184.69
A19: 43567 | B19: 43933 | C19: RAFAEL DAVID TEPERINO AVILA SALVIANO | D19: 6X | E19: SUL AMERICA | F19: 864.1 | G19: 0.2 | H19: 158.99
B20: ITURAN - RENOV | C20: ANDRESSA FERREIRA GONÇALVES | D20: 12X | E20: ITURAN | F20: * | G20: TAXA ÚNICA | H20: 150
A21: 43570 | B21: 43933 | C21: BRENDA JULIETE DE SOUZA + CARTAO PORTO (R$ 60) | D21: 4X | E21: AZUL | F21: 1627.1 | G21: 0.1 | H21: 209.69
C22: ADAUTO DA SILVA RODRGUES - CANCELAMENTO | D22: * | E22: PORTO | H22: -145.74
C23: ALBERTO LINCOLM - CANCELMENTO | D23: * | E23: AZUL | F23: 256.37 | G23: 0.17 | H23: -43.58
A24: 43570 | B24: 43939 | C24: SUPER TRUCK E CAR SERVICOS AUTOMOTIVOS LTDA ME | D24: 4X | E24: AZUL | F24: 1438.2 | G24: 0.15 | H24: 198.47
A25: 43571 | B25: 43937 | C25: JAILTON ROSA DE SOUZA JUNIOR | D25: 6X | E25: SUL AMERICA | F25: 1156.93 | G25: 0.15 | H25: 159.65
A26: 43573 | B26: 43943 | C26: RENATO LEITE RODRIGUES | D26: 4X | E26: AZUL | F26: 1436.27 | G26: 0.1 | H26: 132.13
A27: 43573 | B27: 43935 | C27: CASSIA CRISTINA DE CARVALHO BRAZILINO | D27: 5X | E27: PORTO | F27: 1192.39 | G27: 0.1 | H27: 109.69
A28: 43573 | B28: 43577 | C28: KARINA YUMI KATSSURA RODRIGUES | D28: 4X | E28: PORTO | F28: 1188.04 | G28: 0.15 | H28: 163.94
A29: 43573 | B29: 43575 | C29: RAFAEL DAVID TEPERINO AVILA SALVIANO | D29: 6X | E29: MAPFRE | F29: 3326.9 | G29: 0.1 | H29: 306.07
A30: 43573 | B30: 43574 | C30: GABRIELA GONÇALVES DE BRITO | D30: 5X | E30: ITAU | F30: 1108.76 | G30: 0.25 | H30: 255.01
A31: 43577 | B31: 43575 | C31: ZELIA ROCHA EMPREENDIMENTOS IMOBILIARIOS LTDA | D31: 4X | E31: BRADESCO | F31: 4806.19 | G31: 0.1 | H31: 442.16
A32: 43578 | B32: 43940 | C32: ANDREZA PATRICIA LOPES PONTES | D32: 5X | E32: PORTO | F32: 5179.63 | G32: 0.1 | H32: 476.52
A33: 43578 | B33: 43945 | C33: ALVARO LUIZ MANCHON | D33: 6X | E33: TOKIO | F33: 1852.92 | G33: 0.16 | H33: 272.75
A34: 43581 | B34: 43947 | C34: JOSE MONTEIRO DE ASSIS | D34: 4x | E34: AZUL | F34: 1249.94 | G34: 0.2 | H34: 229.88
A35: 43581 | B35: 43951 | C35: ANTONIO GISLANIO JATAI LOYOLA | D35: 5x | E35: PORTO | F35: 2319.95 | G35: 0.23 | H35: 490.9
... A38: 43585 | B38: 43951 | C38: BEATRIZ FREIRE DE CARVALHO TOLOSA | D38: 4X | E38: PORTO | F38: 955.72 | G38: 0.23 | H38: 202.23
A39: 43559 | B39: 43949 | C39: CLAUDIO VIEIRA MAQUES | D39: 10X | E39: AZUL | F39: 1630.39 | G39: 0.1 | H39: 174.99 | I39: 74.99 | J39: VICTOR
C43: raquel / hilton/marcio/adauto/alberto/jorge
F44: =SUM(F2:F43) -> 68916.92 | H44: =SUM(H2:H43) -> 8555.3 | I44: =SUM(I2:I43) -> 348.18

Sheet Maio 2019
A1: DATA DA TRANS. | B1: VIGÊNCIA | C1: SEGURADO | D1: QNT. DE PARCELAS | E1: SEGURADORA | F1: PREMIO LIQUIDO | G1: % COMISSAO | H1: VALOR DA COMISSÃO | I1: REPASSE COMISSÃO | J1: CORRETOR
A2: 43582 | B2: 43956 | C2: ADILSON VENCELAU BRAZ | D2: 4X | E2: TOKIO | F2: 1030.02 | G2: 0.18 | H2: 170.57
A3: 43586 | B3: 43953 | C3: HUMBERTO ANTONIO BARONI | D3: 4X | E3: AZUL | F3: 1198.77 | G3: 0.2 | H3: 220.57
A4: 43588 | B4: 43955 | C4: ISSAMU LUIZ SIMOURA | D4: 6X | E4: SOMPO | F4: 992.94 | G4: 0.25 | H4: 228.37
A5: 43589 | B5: 43955 | C5: ORLANDO BERNARDO FAUSTINO | D5: 4X | E5: HDI | F5: 1433.58 | G5: 0.15 | H5: 197.83
A6: 43591 | B6: 43955 | C6: SIMONE TRAJANO GOUVEIA + CARTAO | D6: 4X | E6: AZUL | F6: 2094.99 | G6: 0.1 | H6: 252.73
A7: 43591 | B7: 43957 | C7: FERNANDA CASSIA MAXIMINO DA COSTA | D7: 10X | E7: PORTO | F7: 1195.69 | G7: 0.1 | H7: 110
A8: 43592 | B8: 43962 | C8: RUBIAN DAVIS EVANGELISTA | D8: 6X | E8: ALLIANZ | F8: 1302.6 | G8: 0.1 | H8: 119.89
A9: 43592 | B9: 43958 | C9: ARIANE SAMPAIO HAUCK | D9: 12X | E9: TOKIO | F9: 1069.01 | G9: 0.1 | H9: 98.34
A10: 43592 | B10: 43960 | C10: MARCOS JOSE DA SILVA | D10: 4X | E10: AZUL | F10: 995.42 | G10: 0.21 | H10: 192.31
A11: 43591 | B11: 43957 | C11: ALEX SANDRO BRAGATO | D11: 6X | E11: TOKIO | F11: 3421.94 | G11: 0.1 | H11: 314.81
A12: 43593 | B12: 43958 | C12: CARLOS ALBERTO PINTO | D12: 4X | E12: AZUL | F12: 1994.29 | G12: 0.15 | H12: 284.18
A13: 43595 | B13: 43961 | C13: TATIANA SAITO | D13: 5X | E13: PORTO | F13: 1384.23 | G13: 0.1 | H13: 126.98
... A29: 43612 | B29: 43981 | C29: KARINA ITO DE SOUZA PIMENTEL | D29: 6X | E29: AZUL | F29: 2631.47 | G29: 0.15 | H29: 363.14
A30: 43612 | B30: 43971 | C30: JORGE UILSON SANTANA | D30: 6X | E30: HDI | F30: 1549.57 | G30: 0.1 | H30: 142.46 | I30: 71.23 | J30: VINICIUS
A31: 43613 | B31: 43614 | C31: UILSON GONCALVES GUERRERO UNGARELLO | D31: 6X | E31: AZUL | F31: 1183.63 | G31: 0.23 | H31: 250.45
A32: 43613 | B32: 43614 | C32: LUCIANA APEZZATTO JOAQUIM UNGARELLO | D32: 4X | E32: AZUL | F32: 1617.44 | G32: 0.2 | H32: 297.06
A33: 43616 | B33: 43616 | C33: LUIZ LAMEIRAO | D33: 4X | E33: PORTO | F33: 3431.37 | G33: 0.1 | H33: 315.68
C39: keyla/alex/ariane/fabio/kelly/gledison/alexandre
F40: =SUM(F2:F39) -> 55896.92 | H40: =SUM(H2:H39) -> 6941.28 | I40: =SUM(I2:I39) -> 71.23

Sheet Junho 2019
A1: DATA DA TRANS. | B1: VIGÊNCIA | C1: SEGURADO | D1: QNT. DE PARCELAS | E1: SEGURADORA | F1: PREMIO LIQUIDO | G1: % COMISSAO | H1: VALOR DA COMISSÃO | I1: REPASSE COMISSÃO | J1: CORRETOR
A2: 43613 | B2: 43983 | C2: JOSE FRANCISCO DA SILVA | D2: 4X | E2: BRADESCO | F2: 853.94 | G2: 0.1 | H2: 78.52 | I2: 39.26 | J2: VINICIUS
A3: 43617 | B3: 43986 | C3: WILSON DE SOUZA | D3: 6X | E3: AZUL | F3: 1296.26 | G3: 0.2 | H3: 238.51
A4: 43619 | B4: 43985 | C4: ROSEIMEIRE FERREIRA DA SILVA | D4: 6X | E4: TOKIO | F4: 1672.25 | G4: 0.1 | H4: 153.84
A5: 43620 | B5: 43991 | C5: VALDIR PACHECO | D5: 10X | E5: ITAU | F5: 935.37 | G5: 0.25 | H5: 215.13
A6: 43620 | B6: 43991 | C6: LAURA DA GRACA PEREIRA DIAS | D6: 12X | E6: SUHAI | F6: 1440.97 | G6: 0.1 | H6: 132.56
A7: 43621 | B7: 43998 | C7: ESLEY PEREIRA DE OLIVEIRA | D7: 4X | E7: TOKIO | F7: 2748.62 | G7: 0.1 | H7: 252.87
A8: 43621 | B8: 43987 | C8: HENIO BRASIL CLAUDINO | D8: 10X | E8: SUL AMERICA | F8: 1105.8 | G8: 0.1 | H8: 101.73
A9: 43620 | B9: 43987 | C9: FRANCISCO ELEOTORIO CHAGAS JUNIOR | D9: 10X | E9: SUHAI | F9: 2681.84 | G9: 0.1 | H9: 246.72
A10: 43622 | B10: 43635 | C10: DUQUE DOG COMERCIO DE ARTIGOS PARA ANIMAIS---- | D10: 4X | E10: BRADESCO | F10: 1607.96 | G10: 0.18 | H10: 266.27
A11: 43622 | B11: 44000 | C11: MARIA LUISA NONATO MARTINES | D11: 6X | E11: SUHAI | F11: 699.77 | G11: 0.25 | H11: 160.94
A12: 43623 | B12: 43989 | C12: JOSE VITALINO DO NASCIMENTO FILHO | D12: 3X | E12: SUHAI | F12: 794.73 | G12: 0.2 | H12: 146.23
A13: 43635 | B13: 44001 | C13: CARLOS HENRIQUE AUGUSTO | D13: 12X | E13: ITURAN | F13: 737.28 | G13: TAXA FIXA | H13: 150
A14: 43623 | B14: 43989 | C14: FOFAO EMPREENDIMENTOS IMOBILIARIOS EIRELI | D14: 4X | E14: BRADESCO | F14: 3150.17 | G14: 0.1 | H14: 289.81
A15: 43626 | B15: 43995 | C15: ELISEU PINHA SANCHES | D15: 4X | E15: ITAU | F15: 1548.92 | G15: 0.15 | H15: 213.75
A16: 43626 | B16: 43992 | C16: JOSE FERREIRA DO NASCIMENTO FILHO | D16: 6x | E16: TOKIO | F16: 3213.57 | G16: 0.14 | H16: 413.9
A17: 43994 | B17: 43996 | C17: EMMANUEL MARTINS DE ALBUQUERQUE | D17: 1X | E17: PORTO | F17: 1668.56 | G17: 0.15 | H17: 230.26
A18: 43630 | B18: 43997 | C18: ELIANE BARREIRAS CARBONE | D18: 4X | E18: PORTO | F18: 1457.65 | G18: 0.2 | H18: 268.2
A19: 43633 | B19: 44004 | C19: JOSÉ MESSIAS BALBINO DO NASCIMENTO | D19: 6X | E19: SUL AMERICA | F19: 805.42 | G19: 0.25 | H19: 185.24
A20: 43633 | B20: 44002 | C20: CARLOS LOPEZ REY | D20: 10X | E20: AZUL | F20: 839 | G20: 0.19 | H20: 146.65
A21: 43635 | B21: 43998 | C21: FRANCISCO WESLEY RUFINO | D21: 10X | E21: PORTO | F21: 968.41 | G21: 0.1 | H21: 89.09
A22: 43637 | B22: 44003 | C22: LUZIA APARECIDA MACHADO DA ROCHA | D22: 1X | E22: HDI | F22: 777.01 | G22: 0.1 | H22: 71.48
A23: 43637 | B23: 44007 | C23: PEDRO DONIZETI DEL CAMPO | D23: 12X | E23: TOKIO | F23: 1701.97 | G23: 0.1 | H23: 156.58
A24: 43637 | B24: 44005 | C24: RAQUEL DOS SANTOS GONCALVES CAVADAS | D24: 12X | E24: TOKIO | F24: 3747.42 | G24: 0.1 | H24: 344.76
A25: 43637 | B25: 44004 | C25: LUCIETE DE OLIVEIRA BARROS | D25: 4X | E25: AZUL | F25: 2689.32 | G25: 0.1 | H25: 247.41
... A33: 43644 | B33: 44010 | C33: DENILSON CARPINTEIRO | D33: 10X | E33: SULAMERICA | F33: 901.58 | G33: 0.1 | H33: 82.94
C41: emerson /thais/ roberta / francisco /felipe
F42: =SUM(F2:F41) -> 53339.59 | H42: =SUM(H2:H41) -> 6376.36 | I42: =SUM(I2:I41) -> 39.26

Sheet Julho 2019
A1: DATA DA TRANS. | B1: VIGÊNCIA | C1: SEGURADO | D1: QNT. DE PARCELAS | E1: SEGURADORA | F1: PREMIO LIQUIDO | G1: % COMISSAO | H1: VALOR DA COMISSÃO | I1: REPASSE COMISSÃO | J1: CORRETOR
A2: 43647 | B2: 44014 | C2: FRANCISCO WESLEY ALVES ALMEIDA RUFINO | D2: 6X | E2: PORTO | F2: 1179.8 | G2: 0.25 | H2: 271.34
A3: 43647 | B3: 44017 | C3: FERNANDO SERGIO VIANA MACHADO | D3: 4X | E3: PORTO | F3: 2843.35 | G3: 0.22 | H3: 575.49
A4: 43649 | B4: 44015 | C4: CLAUDIA REGINA DIAS QUEIROZ SOUZA | D4: 5X | E4: ITAÚ | F4: 1091.96 | G4: 0.21 | H4: 210.96
A5: 43649 | B5: 44018 | C5: MARCIA ISABEL DOS SANTOS GASPAR PEREIRA | D5: 6X | E5: PORTO | F5: 2205.11 | G5: 0.15 | H5: 304.3
A6: 43649 | B6: 44020 | C6: MARTA REGINA ANDRE SILVEIRA | D6: 4X | E6: AZUL | F6: 1252.4 | G6: 0.15 | H6: 172.83
A7: 43649 | B7: 44015 | C7: SUELI APARECIDA JORGE DE AZEVEDO | D7: 4X | E7: AZUL | F7: 1613.78 | G7: 0.25 | H7: 371.16
A8: 43650 | B8: 44021 | C8: RAIMUNDO NONATO NUNES | D8: 8X | E8: AZUL | F8: 1171.48 | G8: 0.25 | H8: 269.44
A9: 43650 | B9: 44027 | C9: IOD EMBALAGENS LTDA | D9: 4x | E9: BRADESCO | F9: 2803.34 | G9: 0.1 | H9: 257.9
A10: 43651 | B10: 44019 | C10: GESIMARA DA COSTA MENDES | D10: 6X | E10: AZUL | F10: 1559.7 | G10: 0.1 | H10: 143.49
A11: 43651 | B11: 44027 | C11: ANGELO MARCIO DE ALVES NEVES | D11: 5X | E11: MITSUI | F11: 1207.93 | G11: 0.2 | H11: 222.25
A12: 43654 | B12: 44020 | C12: VANIA SALOMON NEVES | D12: 6X | E12: PORTO | F12: 1861.58 | G12: 0.1 | H12: 171.26
A13: 43656 | B13: 44023 | C13: RILDO DE OLIVEIRA SOUZA | D13: 7X | E13: PORTO | F13: 1180.49 | G13: 0.1 | H13: 108.6
... A18: 43658 | B18: 44020 | C18: WALTER VINICIUS GONCLAVES DE ALMEIDA | D18: 10X | E18: ITAU | F18: 799 | G18: 0.15 | H18: 110.26
A19: 43658 | B19: 44030 | C19: LEANDRO AUGUSTO DA SILVA RODRIGUES | D19: 12X | E19: ITURAN | F19: - | G19: TAXA ÚNICA | H19: 150
A20: 43658 | B20: 44025 | C20: DANIEL ITO DE SOUZA | D20: 4X | E20: ALLIANZ | F20: 1675.86 | G20: 0.2 | H20: 308.35
A21: 43661 | B21: 44027 | C21: DORIVAL MALHEIROS CARDOSO | D21: 4X | E21: SUL AMERICA | F21: 2333.59 | G21: 0.1 | H21: 214.69
A22: 43662 | B22: 44020 | C22: MANOEL MAXIMINO LOPES FILHO | D22: 6X | E22: AZUL | F22: 814.85 | G22: 0.1 | H22: 74.96
A23: 43662 | B23: 44028 | C23: IGOR RIBEIRO MENDES PIRES | D23: 1X | E23: PORTO | F23: 1394.48 | G23: 0.1 | H23: 128.29
A24: 43662 | B24: 44031 | C24: NEUSA APARECIDA DE ARAUJO | D24: 4X | E24: BRADESCO | F24: 3206.8 | G24: 0.1 | H24: 295.02
A25: 43662 | B25: 44028 | C25: DEBORA MARIA VANDERLEI | D25: 10X | E25: TOKIO | F25: 1293.53 | G25: 0.1 | H25: 119
A26: 43663 | B26: 44029 | C26: FERNANDO NONATO MARTINES | D26: 2X | E26: TOKIO | F26: 1273.95 | G26: 0.1 | H26: 107.01
A27: 43663 | B27: 44029 | C27: REGIANNI APARECIDA GARDELLI DEL BUSSO | D27: 10X | E27: AZUL | F27: 892.92 | G27: 0.18 | H27: 147.86
A28: 43663 | B28: 44029 | C28: ANGELA MARIA FERREIRA DA SILVA | D28: 6X | E28: TOKIO | F28: 848.87 | G28: 0.2111 | H28: 164
A29: 43665 | B29: 44031 | C29: VAGNO RODRIGUES DA SILVA | D29: 10X | E29: AZUL | F29: 1253.24 | G29: 0.1 | H29: 115.29
A30: 43665 | B30: 44031 | C30: WALDINEI ROSSI DA SILVA (I30) | D30: 12x | E30: SUHAI | F30: 971.82 | G30: 0.1 | H30: 89.4
A31: 43665 | B31: 44034 | C31: RAFAEL CUNHA DO NASCIMENTO | D31: 6X | E31: PORTO | F31: 1029.93 | G31: 0.17 | H31: 161.08
... A35: 43668 | B35: 44034 | C35: ANTONIO CARLOS CARRASCO | D35: 1X | E35: PORTO | F35: 2001.35 | G35: 0.1 | H35: 184.12
A36: 43669 | B36: 44034 | C36: WILZA KARLA MARTINS DOS SANTOS | D36: 6x | E36: AZUL | F36: 2083.46 | G36: 0.1 | H36: 191.67 | I36: 57.5 | J36: INÁ HOME FAST
A37: 43672 | B37: 44038 | C37: LUIZ VANTUILO DA COSTA | D37: 6X | E37: PORTO | F37: 1190.72 | G37: 0.25 | H37: 273.86
A38: 43675 | B38: 44039 | C38: ROBERTO FREDERICO | D38: 10X | E38: PORTO | F38: 1605.45 | G38: 0.25 | H38: 369.25
A39: 43673 | B39: 44039 | C39: A DE F MARQUES TRANSPORTES | D39: 6X | E39: SUHAI | F39: 2497.3 | G39: 0.1 | H39: 229.75
A40: 43675 | B40: 44041 | C40: JOSE DERNIVAL SANTOS FIHO | D40: 10X | E40: SUHAI | F40: 903.05 | G40: 0.1 | H40: 83.08
C44: issamu/osvaldo/
F45: =SUM(F2:F44) -> 61414.55 | H45: =SUM(H2:H44) -> 8038.92 | I45: =SUM(I2:I44) -> 57.5

Sheet Agosto 2019
A1: DATA DA TRANS. | B1: VIGÊNCIA | C1: SEGURADO | D1: QNT. DE PARCELAS | E1: SEGURADORA | F1: PREMIO LIQUIDO | G1: % COMISSAO | H1: VALOR DA COMISSÃO | I1: REPASSE COMISSÃO | J1: CORRETOR
A2: 43678 | B2: 44044 | C2: JOSÉ DONIZETTI CONSTANTE | D2: 10X | E2: AZUL | F2: 1380.53 | G2: 0.12 | H2: 152.41
A3: 43678 | B3: 44050 | C3: RENATO LUCATELI SANTIAGO | D3: 1X | E3: AZUL | F3: 1597.67 | G3: 0.1 | H3: 146.98
A4: 43679 | B4: 44046 | C4: CLELIA PEREIRA DA SILVA | D4: 6X | E4: HDI | F4: 1996.72 | G4: 0.21 | H4: 385.76
A5: 43682 | B5: 44048 | C5: ANGELO DE BORTOLHI FILHO | D5: 4X | E5: SUL AMERICA | F5: 1177.65 | G5: 0.1 | H5: 108.34
A6: 43683 | B6: 44049 | C6: WILLIAN ANTONIO GUEDES DOS SANTOS | D6: 10X | E6: BRADESCO | F6: 1505.02 | G6: 0.1 | H6: 138.46
A7: 43684 | B7: 44050 | C7: IVANILDO VIANA DOS SANTOS | D7: 3X | E7: SUHAI | F7: 777.9 | G7: 0.17 | H7: 121.66
A8: 43684 | B8: 44054 | C8: JEFESON PEREIRA PIRES | D8: 10X | E8: SULAMERICA | F8: 2766.39 | G8: 0.1 | H8: 254.5 | I8: 127.25 | J8: VINICIUS
A9: 43684 | B9: 44050 | C9: ERICA MARIA GOMES DE LIMA | D9: 6X | E9: HDI | F9: 3621.17 | G9: 0.1 | H9: 333.14
A10: 43685 | B10: 44052 | C10: JULIANE MARQUES SOUSA | D10: 6X | E10: AZUL | F10: 1142.23 | G10: 0.19 | H10: 199.66
A11: 43685 | B11: 44053 | C11: EDVALDO FRANCISCO SANTOS | D11: 10X | E11: SULAMERICA | F11: 1919.25 | G11: 0.13 | H11: 229.54
A12: 43686 | B12: 44053 | C12: MAYARA CRISTINA DE SOUZA OLIMPIO | D12: 4X | E12: AZUL | F12: 2002.49 | G12: 0.1 | H12: 184.22
A13: 43686 | B13: 44052 | C13: PATRICIA MENDES DE SOUZA FARIA | D13: 5X | E13: AZUL | F13: 1259.23 | G13: 0.1 | H13: 115.84
A14: 43686 | B14: 44055 | C14: PAULO RAIMUNDO BAUEB | D14: 4X | E14: AZUL | F14: 956.36 | G14: 0.15 | H14: 131.97
A15: 43689 | B15: 44048 | C15: FABIO HENRIQUE ALVES DOS SANTOS | D15: 10X | E15: AZUL | F15: 1321.01 | G15: 0.15 | H15: 182.29
A16: 43689 | B16: 44058 | C16: WAGNER BARBOSA KOVACSIK | D16: 4X | E16: TOKIO | F16: 2387.25 | G16: 0.1 | H16: 219.62
A17: 43689 | B17: 44060 | C17: MARTHA MARIA PEREIRA DE JESUS | D17: 6X | E17: TOKIO | F17: 2137.79 | G17: 0.13 | H17: 255.67
A18: 43689 | B18: 44055 | C18: RUFINO COSTA SOUZA | D18: 12X | E18: SUL AMERICA | F18: 1367.82 | G18: 0.1 | H18: 125.85
A19: 43689 | B19: 44056 | C19: ENIO CARLOS SILVA | D19: 10X | E19: AZUL | F19: 1658.42 | G19: 0.1 | H19: 152.57
A20: 43690 | B20: 44063 | C20: WEKSLEY ROBERTO DE CARVALHO | D20: 12X | E20: ITURAN | F20: 1811.64 | G20: TAXA ÚNICA | H20: 150 | I20: 75 | J20: JUQUINHA
A21: 43690 | B21: 44056 | C21: SERGIO RIBEIRO TRINDADE | D21: 6X | E21: AZUL | F21: 1044.22 | G21: 0.1 | H21: 96.06 | I21: 48.03 | J21: VINICIUS
A22: 43690 | B22: 44059 | C22: KELLY CRISTINA ACACIO VICENTE | D22: 6X | E22: HDI | F22: 2469.09 | G22: 0.1 | H22: 227.15
A23: 43690 | B23: 43887 | C23: LEYDIANA NERES RODRIGUES ( ENDOSSO) | D23: 5X | E23: HDI | F23: 2744.05 | G23: 0.1 | H23: 252.45
A24: 43685 | B24: 44057 | C24: RENATA DE CARVALHO GOES ALVES(ENDOSSO) | D24: 6X | E24: HDI | F24: 326.62 | G24: 0.1 | H24: 30.04
A25: 43691 | B25: 44058 | C25: MARIA JOSE DO NASCIMENTO PROCOPIO | D25: 6X | E25: AZUL | F25: 1402.12 | G25: 0.18 | H25: 232.19
A26: 43691 | B26: 44058 | C26: VALDEMIR SILVA ALMEIDA | D26: 6X | E26: PORTO | F26: 1146.59 | G26: 0.1 | H26: 105.48
A27: 43691 | B27: 43864 | C27: ROSICLEA TAVARES SANTOS (ENDOSSO) | D27: 3X | E27: AZUL | F27: 1022.46 | G27: 0.1 | H27: 94.06
A28: 43692 | B28: 44063 | C28: TEREZINHA YOSHIKO ITO DE SOUZA | D28: 5X | E28: PORTO | F28: 1263.24 | G28: 0.13 | H28: 151.08
A29: 43692 | B29: 44058 | C29: DAVI MENDES | D29: 10X | E29: BRADESCO | F29: 2196.06 | G29: 0.13 | H29: 262.64
A30: 43699 | B30: 44065 | C30: JERISVALDO FRANCISCO DOS SANTO | D30: 6X | E30: TOKIO | F30: 1002.34 | G30: 0.24 | H30: 221.31 | I30: 110.65 | J30: VICTOR TODDYNHO
A31: 43692 | B31: 44061 | C31: JOSUE DE SANTANA | D31: 5X | E31: HDI | F31: 1297.38 | G31: 0.1 | H31: 119.35 | I31: 59.67 | J31: JUKINHA BALA
A32: 43692 | B32: 44058 | C32: THAMIRES CORREIA DE MELLO LICARIAO | D32: 6X | E32: HDI | F32: 2736.28 | G32: 0.1 | H32: 251.73
A33: 43692 | B33: 44061 | C33: EDILENE OLIVEIRA | D33: 6X | E33: TOKIO | F33: 2168.85 | G33: 0.1 | H33: 199.53
A34: 43693 | B34: 44059 | C34: ROBERTA PRISCILA DA SILVA MATIAS | D34: 8X | E34: PORTO | F34: 2199.28 | G34: 0.1 | H34: 202.33
A35: 43693 | B35: 44063 | C35: RAFAEL GUADAHIM | D35: 10X | E35: AZUL | F35: 1538.83 | G35: 0.15 | H35: 212.28 | I35: 106.14 | J35: JUKINHA BALA
A36: 43693 | B36: 44059 | C36: RENIVAL DOS SANTOS | D36: 10x | E36: AZUL | F36: 1420.08 | G36: 0.1 | H36: 130.64
A37: 43693 | B37: 44058 | C37: MAURICI AZEVEDO DO NASCIMENTO | D37: 5X | E37: TOKIO | F37: 2390.49 | G37: 0.1 | H37: 219.92
A38: 43696 | B38: 44067 | C38: WILSON FERREIRA DO NASCIMENTO | D38: 10X | E38: AZUL | F38: 2075.96 | G38: 0.1 | H38: 208.7
A39: 43697 | B39: 44063 | C39: MARCO AURELIO DA SILVA | D39: 4X | E39: AZUL | F39: 938.76 | G39: 0.22 | H39: 190
A40: 43697 | B40: 44067 | C40: ALCIDESIO CAETANO DA SILVA | D40: 6X | E40: AZUL | F40: 1784.05 | G40: 0.1 | H40: 164.13
A41: 43700 | B41: 44073 | C41: CAMILA APARECIDA DE LIMA | D41: 1X | E41: SULAMERICA | F41: 1231.06 | G41: 0.1 | H41: 113.25
A42: 43700 | B42: 44070 | C42: LIDIANE APARECIDA DE LIMA | D42: 4X | E42: AZUL | F42: 2071.27 | G42: 0.1 | H42: 190.55
A43: 43700 | B43: 44066 | C43: JURION JUVENCIO DA SILVA | D43: 4X | E43: AZUL | F43: 3644.54 | G43: 0.15 | H43: 502.94
A44: 43703 | B44: 44069 | C44: AQUINO EMPREENDIMENTOS IMOB | D44: 6X | E44: AZUL | F44: 946.66 | G44: 0.1 | H44: 87.09
A45: 43703 | B45: 44069 | C45: CRYSTIAN FELIX DA SILVA | D45: 10X | E45: SUHAI | F45: 848.88 | G45: 0.2 | H45: 156.19
A46: 43703 | B46: 44071 | C46: EDSON CEDRAN | D46: 5X | E46: SUL AMERICA | F46: 694.48 | G46: 0.1 | H46: 63.93
A47: 43704 | B47: 44070 | C47: THIAGO DA GAMA GERMANO | D47: 10X | E47: TOKIO | F47: 1561.2 | G47: 0.1 | H47: 143.63
... A50: 43710 | B50: 44073 | C50: HELIO DE OLIVEIRA JUNIOR | D50: 10x | E50: PORTO | F50: 4772.31 | G50: 0.11 | H50: 482.95
C58: Ana Nogueira/Priscila Iracy/Renata Goes/Luzia/Hilton/rufino
F59: =SUM(F2:F58) -> 86512.3 | H59: =SUM(H2:H58) -> 9384.2 | I59: =SUM(I2:I58) -> 526.74
C63: AUT

Sheet Setembro 2019
A1: DATA DA TRANS. | B1: VIGÊNCIA | C1: SEGURADO | D1: QNT. DE PARCELAS | E1: SEGURADORA | F1: PREMIO LIQUIDO | G1: % COMISSAO | H1: VALOR DA COMISSÃO | I1: REPASSE COMISSÃO | J1: CORRETOR
A2: 43705 | B2: 44077 | C2: LUCIENE TEREZA DA SILVA | D2: 5X | E2: AZUL | F2: 1916.76 | G2: 0.1 | H2: 176.34
A3: 43706 | B3: 44078 | C3: FRANCISCO ELEOTERIO CHAGAS JUNIOR | D3: 5X | E3: PORTO | F3: 2259.7 | G3: 0.17 | H3: 353.41
A4: 43706 | B4: 44078 | C4: LUCAS MARTINEZ FRANCO | D4: 12X | E4: ITURAN | F4: 3300 | G4: VALOR FIXO | H4: 300
A5: 43711 | B5: 44076 | C5: VIVIANE BONFIM DOS SANTOS FERREIRA | D5: 6x | E5: AZUL | F5: 1022.83 | G5: 0.15 | H5: 141.15 | I5: 70.57 | J5: VICTOR
A6: 43710 | B6: 44080 | C6: IOD EMBALAGENS LTDA | D6: 2X | E6: BRADESCO | F6: 2377.41 | G6: 0.1 | H6: 218.72
A7: 43712 | B7: 44091 | C7: SEBASTIÃO FLORO ALEXANDRE | D7: 12X | E7: ITURAN | F7: 2011.68 | G7: TAXA ÚNICA | H7: 150 | I7: 75 | J7: JUKINHA BALA
A8: 43713 | B8: 44080 | C8: RICARDO BENEDITO CALAIS JESUS | D8: 6X | E8: TOKIO | F8: 734.94 | G8: 0.17 | H8: 114.94
A9: 43717 | B9: 44083 | C9: EDUARDO DOS SANTOS GOMES | D9: 10X | E9: MITSUI | F9: 1348.88 | G9: 0.1 | H9: 124.09
A10: 43717 | B10: 44091 | C10: ANTONIO DIONIZIO ZARAMELLA | D10: 1X | E10: AZUL | F10: 1181.04 | G10: 0.2 | H10: 271.31
A11: 43717 | B11: 44083 | C11: ADEMIR ROCHA GARCIA | D11: 12X | E11: TOKIO | F11: 1836.96 | G11: 0.1 | H11: 169
A12: 43717 | B12: 44089 | C12: SILVIO DA SILVA LOBO | D12: 10X | E12: AZUL | F12: 1173.81 | G12: 0.1 | H12: 107.99
A13: 43717 | B13: 44083 | C13: ANTONIO ROSSI DA SILVA | D13: 10X | E13: PORTO | F13: 1911.7 | G13: 0.1 | H13: 175.87
A14: 43718 | B14: 44086 | C14: ANA PAULA BRAGANÇA | D14: 6X | E14: SOMPO | F14: 1481.65 | G14: 0.15 | H14: 204.46
A15: 43719 | B15: 44092 | C15: ALMIR BENEDITO ALGIZI | D15: 10X | E15: AZUL | F15: 1124.01 | G15: 0.25 | H15: 258.52
A16: 43720 | B16: 44086 | C16: EMERSON SOLTOSKI PINHEIRO | D16: 1X | E16: ITAU | F16: 2418.78 | G16: 0.2 | H16: 445.05
A17: 43720 | B17: 44086 | C17: LUCIANO DE LIMA ARAUJO | D17: 10X | E17: HDI | F17: 811.72 | G17: 0.1 | H17: 74.67
A18: 43720 | B18: 44088 | C18: MARCIA REGINA LUCATELI SANTIAGO | D18: 1X | E18: AZUL | F18: 1551.75 | G18: 0.1 | H18: 142.76
A19: 43720 | B19: 44085 | C19: LILIANE NORY BATISTA | D19: 10X | E19: AZUL | F19: 2322.88 | G19: 0.1 | H19: 213.7
... A26: 44091 | B26: 44090 | C26: TRANS CONEXAO SOLUCOES LOG LTDA | D26: 6X | E26: HDI | F26: 5690.28 | G26: 0.15 | H26: 785.25
A27: 43724 | B27: 44090 | C27: COND. VILLAGGIO DE PANAMBY | D27: 4X | E27: HDI | F27: 2326.5 | G27: 0.1 | H27: 214.03 | I27: 107.01 | J27: VINICIUS
A28: 43725 | B28: 44091 | C28: CARMEN REGINA DOS SANTOS | D28: 6X | E28: BRADESCO | F28: 1644.86 | G28: 0.1 | H28: 151.32
A29: 43725 | B29: 44095 | C29: DENER SILVEIRA | D29: 5X | E29: PORTO | F29: 2938.37 | G29: 0.1 | H29: 270.33
A30: 43728 | B30: 44095 | C30: RAFAEL BRAULIO ROCHA | D30: 6X | E30: AZUL | F30: 1251.66 | G30: 0.1 | H30: 115.14
A31: 43728 | B31: 44094 | C31: DANIELA AVELINO CUNHA DE ANDRADE | D31: 10X | E31: BRADESCO | F31: 1770.36 | G31: 0.1 | H31: 162.87
A32: 43728 | B32: 44094 | C32: KAZUJI SAITO | D32: 6X | E32: AZUL | F32: 2063.87 | G32: 0.1 | H32: 189.87
A33: 43466 | B33: 43831 | C33: SIDIVANIA MENDES DOS SANTOS | D33: 10X | E33: HDI | F33: 1677.65 | G33: 0.1 | H33: 154.34 | I33: 77.17 | J33: VINICIUS | K33: PAGO
A34: 43731 | B34: 44098 | C34: WANDERLEI GUIDELLI | D34: 12X | E34: SUHAI | F34: 2241.55 | G34: 0.1 | H34: 206.22 | I34: 103.11 | J34: VINICIUS
A35: 43731 | B35: 44101 | C35: DIOGUENE WESLEI MACENE | D35: 12X | E35: ITURAN | F35: 2052 | G35: TAXA FIXA | H35: 150
A36: 43732 | B36: 44098 | C36: ASTROGILDO ARRUDA DOS SANTOS | D36: 12X | E36: TOKIO | F36: 1365.45 | G36: 0.13 | H36: 163.3
A37: 43732 | B37: 44103 | C37: GENIVALDO ANTONIO DE OLIVEIRA | D37: 10X | E37: PORTO | F37: 1646.06 | G37: 0.1 | H37: 151.43
A38: 43724 | B38: 44027 | C38: DORIVAL MALHEIROS CARDOSO (ENDOSSO) | E38: SULAMERICA | F38: -660.25 | G38: 0.1 | H38: -60.74
A39: 43733 | B39: 43882 | C39: JOSE LUIZ VIANA - ENDOSSO | D39: 4X | E39: TOKIO | F39: 758.16 | G39: 0.22 | H39: 153.45
A40: 43733 | B40: 44101 | C40: ALEXANDRE ALFREDO LAMEIRAO | D40: 3X | E40: TOKIO | F40: 2126.37 | G40: 0.1 | H40: 195.62
A41: 43734 | B41: 43737 | C41: JOSÉ ROGERIO MONTEIRO | D41: 4X | E41: AZUL | F41: 1180.16 | G41: 0.1 | H41: 108.57
A42: 43734 | B42: 44100 | C42: RAYLSON SALES PATROCINIO | D42: 12X | E42: SUHAI | F42: 1037.64 | G42: 0.1 | H42: 95.46 | I42: 47.73 | J42: VINICIUS
A43: 43735 | B43: 44101 | C43: FRANCISCO DAS CHAGAS FERREIRA DE LIMA | D43: 5X | E43: SUL AMERICA | F43: 3391.92 | G43: 0.1 | H43: 312.05
A44: 43735 | B44: 44101 | C44: REDONDO TELECOMUNICACOES LTDA--- | D44: 4X | E44: BRADESCO | F44: 3501.23 | G44: 0.1 | H44: *
A45: 43735 | B45: 44101 | C45: GZERO SOLUCOES EM MAQUINAS E EQUIPAMETNO | D45: 6X | E45: HDI | F45: 2015.95 | G45: 0.1 | H45: 185.46
A46: 43738 | B46: 44102 | C46: IRENE MARIA MORAES SILVA | D46: 4X | E46: PORTO | F46: 1369.5 | G46: 0.1 | H46: 125.99
A47: 43739 | B47: 44104 | C47: ANDREA CRISTINA DE OLIVEIRA SEBA | D47: 10x | E47: AZUL | F47: 2375.71 | G47: 0.1 | H47: 218.56
A48: 43739 | B48: 44102 | C48: ADAILTON OLIVEIRA DOS SANTOS | D48: 10X | E48: AZUL | F48: 1830.77 | G48: 0.1 | H48: 168.44
C56: MARCIO/MARCOS/VINICIUS/FERNANDO/DORIVAL/EDVALDO
F57: =SUM(F2:F56) -> 84020.52 | H57: =SUM(H2:H56) -> 8782.05 | I57: =SUM(I2:I56) -> 480.59

Sheet Outubro 2019
A1: DATA DA TRANS. | B1: VIGÊNCIA | C1: SEGURADO | D1: QNT. DE PARCELAS | E1: SEGURADORA | F1: PREMIO LIQUIDO | G1: % COMISSAO | H1: VALOR DA COMISSÃO | I1: REPASSE COMISSÃO | J1: CORRETOR
A2: 43739 | B2: 44105 | C2: NILCELENE MARTINS DE OLIVEIRA BARBOSA | D2: 10X | E2: BRADESCO | F2: 1865.67 | G2: 0.13 | H2: 223.13
A3: 43741 | B3: 44107 | C3: JOSE FERREIRA DO NASCIMENTO | D3: 6X | E3: TOKIO | F3: 2552.47 | G3: 0.1 | H3: 234.82
A4: 43741 | B4: 44106 | C4: MARCO ANTONIO DE ANDRADE | D4: 6X | E4: PORTO | F4: 1179.57 | G4: 0.15 | H4: 162.78 | I4: 81.39 | J4: VICTOR
A5: 43742 | B5: 44109 | C5: THIAGO DOS SANTOS BARBOSA | D5: 3X | E5: SUHAI | F5: 1691.62 | G5: 0.13 | H5: 202.31
A6: 43742 | B6: 44109 | C6: SUEMARY DE BARROS FERNANDES | D6: 4X | E6: AZUL | F6: 1183.47 | G6: 0.1 | H6: 108.87
A7: 43742 | B7: 44113 | C7: MARCOS LEANDRO DA SILVA | D7: 10X | E7: TOKIO | F7: 1579.17 | G7: 0.12 | H7: 174.34
A8: 43742 | B8: 44116 | C8: MARCOS LEANDRO DA SILVA | D8: 6X | E8: AZUL | F8: 1069.63 | G8: 0.2 | H8: 196.81
A9: 43742 | B9: 44109 | C9: JEAN PIERRE ANTONIO DA SILVA | D9: 6X | E9: MAPFRE | F9: 6420.12 | G9: 0.1 | H9: 590.65
A10: 43746 | B10: 44112 | C10: JOSE AURINO DA SILVA | D10: 10X | E10: MAPFRE | F10: 3698.72 | G10: 0.1 | H10: 340.28
A11: 43746 | B11: 44112 | C11: BRUNO HENRIQUE NOVAIS | D11: 12X | E11: SUHAI | F11: 703.4 | G11: 0.15 | H11: 97.06
A12: 43746 | B12: 44115 | C12: ALEX GONCALVES DE ANDRADE | D12: 4X | E12: TOKIO | F12: 1395.42 | G12: 0.18 | H12: 231.08
A13: 43748 | B13: 43761 | C13: CIVALDO LUIS DA SILVA + CARTAO | D13: 5X | E13: AZUL | F13: 1521.84 | G13: 0.1 | H13: 240
A14: 43748 | B14: 44114 | C14: ALMIR ANTONIO ANSELMO | D14: 12X | E14: SUHAI | F14: 862.72 | G14: 0.2 | H14: 158.67
A15: 43748 | B15: 44114 | C15: LIDIANE APARECIDA DE SOUZA MELO-----ENDOSSO | D15: 4X | E15: AZUL | F15: 1648.91 | G15: 0.1 | H15: 151.69
A16: 43749 | B16: 44115 | C16: IRIS KENNIA CORREA | D16: 10X | E16: MAPFRE | F16: 1540.86 | G16: 0.1 | H16: 141.75
A17: 43748 | B17: 44114 | C17: HEITOR NERY ARAUJO | D17: 12X | E17: SUHAI | F17: 1464.37 | G17: 0.1 | H17: 134.71 | I17: 67.35 | J17: VINICIUS
A18: 43749 | B18: 44118 | C18: JULIANA MAITAN BITTENCOURT | D18: 6X | E18: PORTO | F18: 1691.57 | G18: 0.1 | H18: 155.61
A19: 43749 | B19: 44121 | C19: ANDERSON CRISTIANO GONCALVES | D19: 3X | E19: SUHAI | F19: 1995.72 | G19: 0.1 | H19: 183.6
A20: 43752 | B20: 44117 | C20: JOAO VITOR MOITINHO REIS | D20: 10X | E20: ITAU | F20: 1551.04 | G20: 0.14 | H20: 199.77
A21: 43752 | B21: 44118 | C21: FELIPE BERRETELHA CONCEICAO | D21: 12X | E21: SUHAI | F21: 1749.2 | G21: 0.13 | H21: 209.2
A22: 43754 | B22: 44120 | C22: JOSE MANOEL DOS SANTOS | D22: 6X | E22: ALLIANZ | F22: 1605.8 | G22: 0.1 | H22: 147.73 | I22: 50 | J22: CIVALDO - AUTO
A23: 43756 | B23: 44120 | C23: FELIPE GENOVESI FERNANDES | D23: 12X | E23: TOKIO | F23: 1165.36 | G23: 0.1 | H23: 107.2
A24: 43756 | B24: 44122 | C24: KATHELLEN ANNE SOLANO | D24: 1X | E24: SOMPO | F24: 2094.17 | G24: 0.1 | H24: 192.66 | I24: 50 | J24: SAMANTHA - AUTO
A25: 43756 | B25: 43962 | C25: ENDOSSO AUTO - RUBIAN DAVIS EVANGELISTA | D25: 6X | E25: ALLIAZ | F25: 500.42 | G25: 0.1 | H25: 46.03
A26: 43760 | B26: 44126 | C26: TATIANA CRISTINA BARBOSA TEIXEIRA - CELULAR---- | D26: 4x | E26: PORTO | F26: 1089.17 | G26: 0.15 | H26: 150.3
A27: 43761 | B27: 44134 | C27: ALOISIO MORAES SANTOS FILHO | D27: 4X | E27: AZUL | F27: 1557.32 | G27: 0.15 | H27: 214.91
A28: 43761 | B28: 44127 | C28: ALEXANDRE DA SILVA | D28: 12X | E28: SUHAI | F28: 907.06 | G28: 0.1 | H28: 83.44 | I28: 50 | J28: JOSÉ DERNIVAL - AUTO
A29: 43762 | B29: 44132 | C29: ARLETE FERREIRA PEREIRA + CARTÃO | D29: 6X | E29: PORTO | F29: 1193.24 | G29: 0.1 | H29: 109.77
A30: 43762 | B30: 44128 | C30: JEAN PIERRE ANTONIO DA SILVA | D30: 4X | E30: SUL AMERICA | F30: 778.46 | G30: 0.25 | H30: 179.46
A31: 43763 | B31: 44134 | C31: ANDREY MIRANDA COSTA CABRAL | D31: 4X | E31: AZUL | F31: 1513.12 | G31: 0.1 | H31: 139.2
A32: 43763 | B32: 44125 | C32: FRANCISCO GOMES NETO | D32: 10X | E32: AZUL | F32: 2317.71 | G32: 0.1 | H32: 185.62
A33: 43763 | B33: 44130 | C33: WALTER PEREIRA DE ALMEIDA | D33: 10X | E33: AZUL | F33: 1091.15 | G33: 0.2 | H33: 200.77
A34: 43763 | B34: 44129 | C34: ROSTLAN SANTOS + CARTAO | D34: 10X | E34: AZUL | F34: 2990.57 | G34: 0.2 | H34: 550.26 | I34: 275.13 | J34: JORGE CORRETOR
A35: 43769 | B35: 44135 | C35: RODRIGO CARRION GARCIA | D35: 4X | E35: HDI | F35: 1703.29 | G35: 0.1 | H35: 156.7
A36: 43763 | B36: 44129 | C36: CLAUDEMIR GONCALVES DE LIMA + CARTÃO | D36: 10X | E36: AZUL | F36: 2379.35 | G36: 0.1 | H36: 218.9 | I36: 109.45 | J36: Jukinha Bala
A37: 43766 | B37: 44132 | C37: GILSON BATISTA DE ALMEIRA DOURADO | D37: 6X | E37: TOKIO | F37: 1830.09 | G37: 0.13 | H37: 218.87
A38: 43767 | B38: 44134 | C38: ISAAC VILLABOAS DE OLIVEIRA + CARTÃO | D38: 10X | E38: AZUL | F38: 1405.17 | G38: 0.15 | H38: 193.91
A39: 43768 | B39: 44134 | C39: GILDAZIO SOARES DE CARVALHO + CARTÃO | D39: 10X | E39: AZUL | F39: 2527.82 | G39: 0.1 | H39: 232.55
A40: 43768 | B40: 44135 | C40: JULIO CEZAR DA SILVA SENA | D40: 7X | E40: PORTO | F40: 1904.6 | G40: 0.15 | H40: 262.83 | I40: 131.41 | J40: FREDERIKO JUKA BALA
A41: 43769 | B41: 44135 | C41: LUZIA BARBOSA | D41: 12X | E41: TOKIO | F41: 1631.5 | G41: 0.1 | H41: 150.09
A42: 43769 | B42: 44135 | C42: MARCIA REGINA DE ASSIS + CARTÃO | D42: 10X | E42: AZUL LEVE | F42: 1423.74 | G42: 0.1 | H42: 130.98 | I42: 50 | J42: KARIN - MESQUITA
A43: 43770 | B43: 44135 | C43: SIDNEI SOARES DE SOUZA + CARTÃO | D43: 4X | E43: PORTO | F43: 1654.57 | G43: 0.17 | H43: 258.77
C47: uilson/ thiagoo / celia / rodrigo/ evandro/maria jose/wanderson
C48: RUBIAN/FRANSISOCO WESLEY / RUBIAN/LIDIANE/NOZIOZENO
F49: =SUM(F2:F48) -> 72629.17 | H49: =SUM(H2:H48) -> 8268.08 | I49: =SUM(I2:I48) -> 864.73

Sheet Novembro 2019
A1: DATA DA TRANS. | B1: VIGÊNCIA | C1: SEGURADO | D1: QNT. DE PARCELAS | E1: SEGURADORA | F1: PREMIO LIQUIDO | G1: % COMISSAO | H1: VALOR DA COMISSÃO | I1: REPASSE COMISSÃO | J1: CORRETOR
A2: 43766 | B2: 44136 | C2: GILMARIA GOMES DOS SANTOS + CARTÃO | D2: 6X | E2: AZUL | F2: 1471.91 | G2: 0.1 | H2: 135.41
A3: 43770 | B3: 44136 | C3: PAULO TADEU HORACIO + CARTÃO | D3: 4X | E3: AZUL | F3: 1809.69 | G3: 0.1 | H3: 166.49
A4: 43770 | B4: 44136 | C4: ANDRE BARBOSA DA SILVA | D4: 10X | E4: PORTO | F4: 1453.76 | G4: 0.1 | H4: 133.74
A5: 43770 | B5: 44147 | C5: BRUNA MARCELA DA SILVA JUSTI | D5: 1X | E5: TOKIO | F5: 1572.78 | G5: 0.1 | H5: 144.69
A6: 43770 | B6: 44140 | C6: FERNANDA GONZALES DE LIMA | D6: 1X | E6: MITSUI | F6: 1157.79 | G6: 0.1 | H6: 106.51
A7: 43774 | B7: 44140 | C7: JEFFERSON RODRIGUES | D7: 6X | E7: PORTO | F7: 4461.27 | G7: 0.1 | H7: 410.43
A8: 43773 | B8: 44151 | C8: TARCISIO ANTONIO VALENTIM + CARTÃO | D8: 1X | E8: PORTO | F8: 2077.03 | G8: 0.15 | H8: 286.63
A9: 43774 | B9: 44145 | C9: SERGIO MAMPRIN | D9: 1X | E9: TOKIO | F9: 882.03 | G9: 0.17 | H9: 137.94
A10: 43775 | B10: 44146 | C10: ADEMIR CYRINO GARCIA | D10: 10X | E10: AZUL | F10: 901.8 | G10: 0.2 | H10: 165.93
A11: 43775 | B11: 44141 | C11: OBED RODRIGUES LEMOS | D11: 6X | E11: SUHAI | F11: 1441.68 | G11: 0.25 | H11: 331.57
A12: 43776 | B12: 44142 | C12: LUCIENE APARECIDA PANSARIN MEIRELES | D12: 10X | E12: AZUL | F12: 1162.43 | G12: 0.12 | H12: 128.33
A13: 43776 | B13: 44144 | C13: ANDREZA PATIRICIA LOPES PONTES | D13: 6X | E13: AZUL | F13: 4250.81 | G13: 0.1 | H13: 391.07
... A16: 43780 | B16: 44157 | C16: IZAIAS MENDES DA SILVA | D16: 12X | E16: TOKIO | F16: 1299.45 | G16: 0.1 | H16: 119.54
A17: 43780 | B17: 44145 | C17: JULIA DE CARVALHO DE SANTANA | D17: 5X | E17: AZUL | F17: 1556.66 | G17: 0.1 | H17: 143.21 | I17: 71.6 | J17: Vinicius
A18: 43780 | B18: 44154 | C18: ROBERTO RIBEIRO TRINDADE | D18: 6X | E18: ALLIANZ | F18: 1546.32 | G18: 0.1 | H18: 142.26 | I18: 71.13 | J18: Alexandre
A19: 43780 | B19: 44146 | C19: ANA PAULA OKADA | D19: 1X | E19: AZUL | F19: 1279.92 | G19: 0.1 | H19: 117.75
A20: 43781 | B20: 44147 | C20: SEBASTIÃO MARCIO CAPELLO | D20: 1X | E20: AZUL | F20: 832.22 | G20: 0.13 | H20: 99.53
A21: 43782 | B21: 44148 | C21: DOMINGOS BENTO DE FREITAS | D21: 6X | E21: AZUL | F21: 1780.79 | G21: 0.1 | H21: 163.83
A22: 43782 | B22: 44148 | C22: MARCELO DONIZETE VIEIRA | D22: 3X | E22: SUHAI | F22: 2981.05 | G22: 0.1 | H22: 274.25
A23: 43782 | B23: 44148 | C23: JOSE WALLACE NORBERTO DA SILVA | D23: 4X | E23: MAPFRE | F23: 1401.47 | G23: 0.1 | H23: 128.39
A24: 43783 | B24: 44153 | C24: DALMO DA SILVA BARBOSA | D24: 6X | E24: SOMPO | F24: 1249.57 | G24: 0.1 | H24: 114.97
A25: 43785 | B25: 44151 | C25: HENRIQUE CAMPOS SILVA | D25: 1X | E25: ALLIANZ | F25: 2097.84 | G25: 0.1 | H25: 193
A26: 43787 | B26: 44151 | C26: SEVERINO BERNADO DA SILVA | D26: 4X | E26: AZUL | F26: 1392.23 | G26: 0.17 | H26: 217.74
A27: 43788 | B27: 44157 | C27: LILIAN APARECIDA F. DA COSTA + CARTAO | D27: 10X | E27: PORTO | F27: 1250.92 | G27: 0.1 | H27: 115.08
A28: 43788 | B28: 44154 | C28: HAYLLA BARBOSA GUADAHIM + CARTAO | D28: 10X | E28: AZUL | F28: 1289.98 | G28: 0.1 | H28: 118.67 | I28: 59.33 | J28: JUKA FRED BALA
A29: 43790 | B29: 44156 | C29: MANOEL ALMEIDA MARQUES | D29: 1X | E29: TOKIO ROUBO | F29: 1347.32 | G29: 0.1 | H29: 123.95 | I29: 61.97 | J29: JUKA FRED BALA
A30: 43791 | B30: 44163 | C30: RUFINO COSTA SOUZA | D30: 10X | E30: AZUL | F30: 1609.72 | G30: 0.15 | H30: 222.14
A31: 43795 | B31: 44161 | C31: GZERO SOLUCOES EM MAQUINAS E EQUIPAMENTO | D31: 6X | E31: HDI | F31: 1096.3 | G31: 0.1 | H31: 100.85
A32: 43791 | B32: 44157 | C32: JUNIOR SILVA DO PRADO | D32: 12X | E32: SUHAI | F32: 1863.7 | G32: 0.1 | H32: 171.46 | I32: 85.73 | J32: Vinicius
A33: 43794 | B33: 44160 | C33: ESTANISLAU SEVERINO DE ARRUDA JUNIOR | D33: 10X | E33: ITAU | F33: 1182.85 | G33: 0.11 | H33: 119.7
A34: 43794 | B34: 44153 | C34: CELIA CLARICE DE MELO DEL CAMPO + CARTAO | D34: 10X | E34: AZUL | F34: 1605.92 | G34: 0.1 | H34: 147.74
A35: 43794 | B35: 44165 | C35: FERNANDA ASSIS SARNES + CARTAO | D35: 1X | E35: AZUL | F35: 1471.59 | G35: 0.15 | H35: 203.07
A36: 43795 | B36: 44160 | C36: SIMONE SCHLINK FERNANDES | D36: 6X | E36: TOKIO | F36: 1087.25 | G36: 0.1 | H36: 100.02 | I36: 50.01 | J36: JUKA FRED BALA
A37: 43796 | B37: 44161 | C37: JONAS LEONARDO DE LIMA + CARTAO | D37: 10X | E37: PORTO | F37: 1650.9 | G37: 0.1 | H37: 151.88
A38: 43796 | B38: 44162 | C38: TRANS CONEXAO SOLUCOES LOGISTICA LTDA | D38: 4X | E38: SUL AMERICA | F38: 4472.4 | G38: 0.1 | H38: 411.46
A39: 43798 | B39: 44164 | C39: VANESSA FERNANDES BANDEIRA | D39: 10X | E39: ALIRO | F39: 2151.23 | G39: 0.1 | H39: 197.91
A40: 43801 | B40: 44165 | C40: CESAR ZAMPIERI RIBEIRO | D40: 5X | E40: PORTO | F40: 2264.38 | G40: 0.1 | H40: 208.32
C49: Rodrigo/adalberto/amanda/marcos
F50: =SUM(F2:F49) -> 68656.49 | H50: =SUM(H2:H49) -> 7077.78 | I50: =SUM(I2:I49) -> 399.77

Sheet Dezembro 2019
A1: DATA DA TRANS. | B1: VIGÊNCIA | C1: SEGURADO | D1: QNT. DE PARCELAS | E1: SEGURADORA | F1: PREMIO LIQUIDO | G1: % COMISSAO | H1: VALOR DA COMISSÃO | I1: REPASSE COMISSÃO | J1: CORRETOR
A2: 43795 | B2: 44166 | C2: SAMANTHA CRISTINA SOLANO RODRIGUES DA SILVA | D2: 1X | E2: AZUL | F2: 820.95 | G2: 0.15 | H2: 113.29
A3: 43801 | B3: 44166 | C3: EMERSON DE PAULA BARBARA + CARTAO | D3: 10X | E3: PORTO | F3: 1088.14 | G3: 0.1 | H3: 100.1 | I3: 60 | J3: Patricia Albuquerque
A4: 43801 | B4: 44168 | C4: ALEXANDRA SEREICIKAS DE SOUZA LIMA | D4: 6X | E4: HDI | F4: 1936.03 | G4: 0.15 | H4: 297.17
A5: 43771 | B5: 44171 | C5: ROBERTA GUACIRA DE SOUZA GOMES + CARTAO | D5: 2x | E5: AZUL | F5: 1457.36 | G5: 0.1 | H5: 134.07
A6: 43804 | B6: 44175 | C6: MARCIO CARVALHO CHAVES | D6: 1X | E6: AZUL | F6: 2029.89 | G6: 0.1 | H6: 186.74
A7: 43802 | B7: 44172 | C7: DOUGLAS DOMINGOS DE MOTA | D7: 6X | E7: AZUL | F7: 1859.33 | G7: 0.15 | H7: 256.58
A8: 43800 | B8: 44167 | C8: MARTHA MARIA PEREIRA DE JESUS | D8: 6X | E8: TOKIO | F8: 0 | G8: * | H8: *
A9: 43803 | B9: 44174 | C9: ALQUIERES RODRIGUES DE FARIAS | D9: 1X | E9: AZUL | F9: 2029.31 | G9: 0.1 | H9: 186.69
A10: 43803 | B10: 44169 | C10: IVANILDO VIANA DOS SANTOS | D10: 3X | E10: SUHAI | F10: 2736.9 | G10: 0.1 | H10: 251.79
A11: 43805 | B11: 44171 | C11: MARCELO PAULO DE OLIVEIRA | D11: 4X | E11: PORTO | F11: 2452.99 | G11: 0.1 | H11: 225.67
A12: 43805 | B12: 44171 | C12: RUBIANA ALVES DE OLIVEIRA ZAMPIERI | D12: 6X | E12: HDI | F12: 1691.75 | G12: 0.1 | H12: 155.64
A13: 43808 | B13: 44063 | C13: MARCO AURELIO DA SILVA | D13: 2X | E13: AZUL | F13: 437.01 | G13: 0.1 | H13: 40.2
A14: 43808 | B14: 44167 | C14: ANDRE ROCHA + CARTAO | D14: 10X | E14: PORTO | F14: 1244.77 | G14: 0.12 | H14: 137.44
A15: 43808 | B15: 44174 | C15: CLEITON CRISTINA DE AVILA | D15: 10X | E15: MAPFRE | F15: 1490.74 | G15: 0.1 | H15: 137.14
A16: 43808 | B16: 43808 | C16: FELIPE GENOVESI FERNANDES --- | D16: 1X | E16: SUHAI | G16: 0.1
A17: 43809 | B17: 44180 | C17: SOLANGE ALMEIDA RODRIGUES + CARTAO | D17: 5X | E17: AZUL | F17: 1345.09 | G17: 0.15 | H17: 185.62
A18: 43809 | B18: 44169 | C18: VILMAR BONITO DE OLIVEIRA | D18: 4X | E18: TOKIO | F18: 1230.76 | G18: 0.2 | H18: 226.45
A19: 43809 | B19: 44174 | C19: VIVIAN PAIOLLETI DE SOUZA + CARTAO | D19: 10X | E19: AZUL | F19: 1387.06 | G19: 0.1 | H19: 127.6
A20: 43810 | B20: 44176 | C20: MARIANA DE LIRA LAMEIRA | D20: 6X | E20: TOKIO | F20: 3022.27 | G20: 0.1 | H20: 278.04
A21: 43810 | B21: 44180 | C21: ANDRE THIAGO REBECHI | D21: 6X | E21: TOKIO | F21: 1357.8 | G21: 0.1 | H21: 124.91
A22: 43829 | B22: 44195 | C22: ANDRE AUGUSTO DE ROCHA | D22: 1X | E22: PORTO | F22: 1941.05 | G22: 0.1 | H22: 178.57
A23: 43812 | B23: 44174 | C23: ANA MARIA SOTERO LIMA | D23: 3X | E23: AZUL | F23: 1145.11 | G23: 0.12 | H23: 126.42
A24: 43812 | B24: 44180 | C24: RAFAEL CUNHA DO NASCIMENTO | D24: 1X | E24: AZUL | F24: 1427.24 | G24: 0.11 | H24: 144.43
A25: 43812 | B25: 44179 | C25: ESTANISLAU SEVERINO DE ARRUDA JUNIOR | D25: 10X | E25: SULAMERICA | F25: 1451.44 | G25: 0.15 | H25: 200.29
A26: 43812 | B26: 44185 | C26: PAULO RAIMUNDO BAUEB | D26: 1X | E26: AZUL | F26: 1098.66 | G26: 0.1 | H26: 101.07
A27: 43812 | B27: 44178 | C27: ELISABETH ALVES PIROZZI | D27: 6X | E27: BRADESCO | F27: 1753.66 | G27: 0.1 | H27: 161.33
A28: 43815 | B28: 43815 | C28: CLELIA PEREIRA DA SILVA ????????????? | D28: 1X | E28: HDI | F28: -320.34 | G28: 0.1 | H28: ?
A29: 43815 | B29: 43812 | C29: LEANDRO AUGUSTO DA SILVA RODRIGUES | D29: 10X | E29: AZUL | F29: 1674.65 | G29: 0.1 | H29: 200.58
A30: 43815 | B30: 44180 | C30: MILENA ESTEFANY DE AQUINO | D30: 1X | E30: AZUL | F30: 2342.69 | G30: 0.1 | H30: 215.52
A31: 43816 | B31: 44185 | C31: MARIA DE FATIMA GOMES FERNANDES | D31: 1X | E31: TOKIO | F31: 1148.13 | G31: 0.1 | H31: 105.62 | I31: 52.81 | J31: VINICIUS
A32: 43816 | B32: 44182 | C32: MILENA ESTEFANY DE AQUINO | D32: 10X | E32: TOKIO | F32: 1337.66 | G32: 0.2 | H32: 246.12
A33: 43816 | B33: 44187 | C33: MICHELINE DE MELLO SANCHES | D33: 5X | E33: AZUL | F33: 918.85 | G33: 0.1 | H33: 84.53
A34: 43816 | B34: 44188 | C34: SUELI GOMES DA SILVA JURAS + CARTAO | D34: 4X | E34: AZUL | F34: 1077.86 | G34: 0.16 | H34: 158.66
A35: 43817 | B35: 44183 | C35: ALEXANDRE VIANDA DIAS | D35: 11X | E35: PORTO | F35: 2650.86 | G35: 0.1 | H35: 243.87
A36: 43817 | B36: 44183 | C36: JAILTON ROSA DE SOUZA JUNIOR | D36: 10X | E36: LIBERTY | F36: 3932.33 | G36: 0.1 | H36: 361.77
A37: 43819 | B37: 44186 | C37: ZELIA ROCHA EMPREENDIMENTOS | D37: 10X | E37: AZUL | F37: 1937.59 | G37: 0.1 | H37: 178.25
A38: 43819 | B38: 44193 | C38: MARCOS DA CRUZ JURAS | D38: 6X | E38: SOMPO | F38: 1392.58 | G38: 0.1 | H38: 128.11
A39: 43819 | B39: 44188 | C39: WALTER LUIZ DOS SANTOS JUNIOR | D39: 1X | E39: SOMPO | F39: 1575.46 | G39: 0.31 | H39: 449.32
A40: 43822 | B40: 44189 | C40: ABELARDO MATIAS BACELAR | D40: 10X | E40: SULAMERICA | F40: 1699.84 | G40: 0.1 | H40: 156.38
A41: 43822 | B41: 44183 | C41: MARCIO CESAR BANDO | D41: 10X | E41: PORTO | F41: 2138.07 | G41: 0.1 | H41: 196.7
A42: 43822 | B42: 44188 | C42: GILBERTO JUNIOR DA SILVA | D42: 10X | E42: SUHAI | F42: 1662.38 | G42: 0.1 | H42: 152.93
A43: 43822 | B43: 44191 | C43: CLAUDEMIRA APARECIDA BISCASSI DE ARAUJO | D43: 1X | E43: SOMPO | F43: 671.57 | G43: 0.13 | H43: 80.31
... A57: 43827 | B57: 44193 | C57: ALBERTO RODRIGUES DOS SANTOS | D57: 6X | E57: ALLIANZ | F57: 2036.5 | G57: 0.1 | H57: 187.5
C64: Luciano/
F65: =SUM(F17:F64,F4:F15) -> 88224.66 | H65: =SUM(H2:H64) -> 9658.67 | I65: =SUM(I2:I64) -> 112.81

Sheet Janeiro 2020
A1: DATA DA TRANS. | B1: VIGÊNCIA | C1: SEGURADO | D1: QNT. DE PARCELAS | E1: SEGURADORA | F1: PREMIO LIQUIDO | G1: % COMISSAO | H1: VALOR DA COMISSÃO | I1: REPASSE COMISSÃO | J1: CORRETOR
A2: 43822 | B2: 44201 | C2: ADRIANA MARIA PEREIRA OLIVEIRA | D2: 1X | E2: TOKIO | F2: 1757.92 | G2: 0.1 | H2: 161.72
A3: 43825 | B3: 44199 | C3: OSVALDO GONCALVES DE ALMEIDA | D3: 3X | E3: AZUL | F3: 1466.88 | G3: 0.1 | H3: 134.95
A4: 43826 | B4: 44200 | C4: RISIMARIA GOMES DOS SANTOS + CARTÃO | D4: 10X | E4: AZUL | F4: 1432.35 | G4: 0.1 | H4: 131.77
A5: 43832 | B5: 44203 | C5: CAMILA APARECIDA DE LIMA + CARTÃO | D5: 10X | E5: AZUL | F5: 1654.05 | G5: 0.21 | H5: 319.56
A6: 43832 | B6: 44204 | C6: MARCOS RODRIGUES DOS SANTOS | D6: 6X | E6: AZUL | F6: 874.72 | G6: 0.17 | H6: 136.8
A7: 43833 | B7: 44201 | C7: ANTONIO CESAR ESTEVES | D7: 6X | E7: AZUL | F7: 1553.33 | G7: 0.25 | H7: 357.26 | I7: 178.63 | J7: JORGE
A8: 43833 | B8: 43832 | C8: EMONALISA ELVIRA DA SILVA | D8: 6X | E8: TOKIO | F8: 3887.22 | G8: 0.1 | H8: 357.62 | I8: 50 | J8: FERNANDO
A9: 43836 | B9: 44202 | C9: LINDOMAR XAVIER DO NASCIMENTO | D9: 2X | E9: AZUL | F9: 1573.04 | G9: 0.1 | H9: 144.71
A10: 43836 | B10: 44205 | C10: CAROLINA DELBOUX MINUCHI | D10: 1X | E10: AZUL | F10: 1039.27 | G10: 0.25 | H10: 239.03 | I10: 119.51 | J10: VICTOR
A11: 43836 | B11: 44202 | C11: WAGNER B PINHEIRO MECANICO AUTOMOTIVO | D11: 10X | E11: BRADESCO | F11: 2531.7 | G11: 0.1 | H11: 232.91
A12: 43838 | B12: 44204 | C12: KATIA REGINA DA SILVA | D12: 4X | E12: PORTO | F12: 1869.79 | G12: 0.1 | H12: 172.02
A13: 43838 | B13: 44208 | C13: DAYANE CRISTINA DE LIMA JERONYMO + CARTAO | D13: 3X | E13: AZUL | F13: 1288.38 | G13: 0.1 | H13: 118.53
A14: 43473 | B14: 44209 | C14: ADRIANO ALVES DE ARAUJO + CARTAO | D14: 10X | E14: PORTO | F14: 4736.49 | G14: 0.1 | H14: 473.64
A15: 43839 | B15: 44217 | C15: MARIA THEREZA DO NASCIMENTO LIMA | D15: 1X | E15: AZUL | F15: 1537.04 | G15: 0.1 | H15: 141.46
A16: 43840 | B16: 44206 | C16: LUANA CARLA MARQUES | D16: 6X | E16: AZUL | F16: 1260.48 | G16: 0.1 | H16: 115.96
A17: 43840 | B17: 44211 | C17: SERGIO RIBEIRO TRINDADE | D17: 6X | E17: PORTO | F17: 1372.51 | G17: 0.1 | H17: 126.27 | I17: 63.13 | J17: VINICIUS
A18: 43840 | B18: 44206 | C18: NATHAN CARDOSO LOPES | D18: 6X | E18: HDI | F18: 3013.97 | G18: 0.1 | H18: 277.28
A19: 43843 | B19: 44207 | C19: ROBERTA BOBADILLO PIRILLO | D19: 10X | E19: PORTO | F19: 1714.48 | G19: 0.1 | H19: 157.73
A20: 43844 | B20: 44218 | C20: CARLOS ALBERTO ROQUE DOS SANTOS | D20: 10X | E20: AZUL | F20: 1031.46 | G20: 0.25 | H20: 237.23
A21: 43845 | B21: 44211 | C21: FABIO DOS SANTOS SOUZA ME | D21: 3X | E21: ITAU | F21: 4262.27 | G21: 0.1 | H21: 392.12
A22: 43845 | B22: 44211 | C22: HUMBERTO MATIAS ALVES SILVA | D22: 5X | E22: PORTO | F22: 2238.36 | G22: 0.1 | H22: 205.92
A23: 43845 | B23: 44211 | C23: MR FRANCA SOLUCOES PECAS E SERVICOS | D23: 6X | E23: BRADESCO | F23: 5561.42 | G23: 0.1 | H23: 511.65
A24: 43847 | B24: 44215 | C24: SUELY ROCHA COSTA | D24: 4X | E24: PORTO | F24: 1029.76 | G24: 0.15 | H24: 142.1
A25: 43850 | B25: 44222 | C25: CAMILA GUIMARAES + CARTÃO | D25: 10X | E25: AZUL | F25: 2282.03 | G25: 0.15 | H25: 314.92
A26: 43850 | B26: 44216 | C26: MARCIA LOPES CORDEIRO GIL | D26: 10X | E26: AZUL | F26: 1531.12 | G26: 0.15 | H26: 211.29
A27: 43850 | B27: 44216 | C27: PATRICIA FRANULA VIEIRA | D27: 6X | E27: PORTO | F27: 857.65 | G27: 0.1 | H27: 78.9
A28: 43850 | B28: 44216 | C28: FATIMA KAZUE KINJO | D28: 10X | E28: BRADESCO | F28: 2211.17 | G28: 0.15 | H28: 305.14
A29: 43852 | B29: 44226 | C29: M ALMEIDA EMPREENDIMENTOS IMOB | D29: 6X | E29: BRADESCO | F29: 1168.09 | G29: 0.1 | H29: 107.46
... A41: 43871 | B41: 44227 | C41: LUZIA BARBOSA | D41: 10X | E41: PORTO | F41: 1189.84 | G41: 0.1 | H41: 109.46
C47: Felipe/
F48: =SUM(F2:F41) -> 78855.74 | H48: =SUM(H2:H47) -> 8512.63 | I48: =SUM(I2:I47) -> 411.27

Sheet Fevereiro 2020
A1: DATA DA TRANS. | B1: VIGÊNCIA | C1: SEGURADO | D1: QNT. DE PARCELAS | E1: SEGURADORA | F1: PREMIO LIQUIDO | G1: % COMISSAO | H1: VALOR DA COMISSÃO | I1: REPASSE COMISSÃO | J1: CORRETOR
A2: 43858 | B2: 44197 | C2: FRANCISCO JOSE MOREIRA | D2: 10X | E2: PORTO | F2: 2884.15 | G2: 0.1 | H2: 265.34
A3: 43860 | B3: 44233 | C3: MARCUS VINICIUS DE SOUZA OLIMPIO | D3: 10X | E3: AZUL | F3: 811.84 | G3: 0.15 | H3: 112.03
A4: 43861 | B4: 44233 | C4: GENILDA PEREIRA GILIOLI | D4: 6X | E4: AZUL | F4: 1076.32 | G4: 0.15 | H4: 145.53
A5: 43861 | B5: 44228 | C5: HILTON CARLOS VIANA VASCONCELOS | D5: 10X | E5: SULAMERICA | F5: 4019.39 | G5: 0.25 | H5: 924.45
A6: 43861 | B6: 44229 | C6: JAIME MOTA FERREIRA | D6: 6X | E6: ALLIANZ | F6: 1798.09 | G6: 0.1 | H6: 165.42
A7: 43861 | B7: 44228 | C7: DJALMA DOS ANJOS DA SILVA | D7: 10X | E7: AZUL | F7: 929.47 | G7: 0.18 | H7: 153.92
A8: 43864 | B8: 44229 | C8: PABLO RODRIGUES BRANDAO | D8: 6X | E8: AZUL | F8: 2716.6 | G8: 0.1 | H8: 249.92
A9: 43864 | B9: 44230 | C9: NOZIOZENO BATISTA DOS SANTOS + CARTAO | D9: 10X | E9: PORTO | F9: 1805.55 | G9: 0.15 | H9: 249.16
A10: 43861 | B10: 44230 | C10: ALESSANDRO DA CRUZ SILVA | D10: 12X | E10: ITURAN | F10: TAXA ÚNICA | H10: 250 | I10: 50 | J10: FERNANDO
A11: 43864 | B11: 44230 | C11: MARUA MARTINS DA COSTA | D11: 12X | E11: TOKIO | F11: 1568.99 | G11: 0.1 | H11: 144.34
A12: 43864 | B12: 44230 | C12: ROSICLEA TAVARES SANTOS | D12: 10X | E12: BRADESCO | F12: 3840.54 | G12: 0.1 | H12: 353.32
A13: 43865 | B13: 44235 | C13: NILSON HENRIQUE DA CUNHA | D13: 1X | E13: SUHAI | F13: 746.01 | G13: 0.1 | H13: 68.63
A14: 43865 | B14: 44232 | C14: IVONE ALVES DE MELO | D14: 6X | E14: SOMPO | F14: 1728.56 | G14: 0.1 | H14: 159.02
A15: 43866 | B15: 44234 | C15: PATRIZIA DA ROSA MARCELINO | D15: 1X | E15: ALLIANZ | F15: 1835.17 | G15: 0.1 | H15: 168.83
A16: 43866 | B16: 44021 | C16: RAIMUNDO NONATO NUNES -- ENDOSSO | D16: 3X | E16: AZUL | F16: 562.3 | G16: 0.25 | H16: 129.32
A17: 43867 | B17: 44233 | C17: CRISTIANE TEIXEIRA DE SOUZA | D17: 6X | E17: SOMPO | F17: 973.99 | G17: 0.1 | H17: 89.6 | I17: 44.8 | J17: VINICIUS
A18: 43867 | B18: 44233 | C18: JOSE CARLOS DE ARAUJO | D18: 5X | E18: SUHAI | F18: 2028.68 | G18: 0.1 | H18: 186.63 | I18: 93.31 | J18: VINICIUS
A19: 43866 | B19: 44232 | C19: CESAR ZAMPIERI RIBEIRO | D19: 10X | E19: PORTO | F19: 568.9 | G19: 0.1 | H19: 52.33
A20: 43867 | B20: 44233 | C20: GABRIELA APARECIDA FIRMINO MASSARO + CARTÃO | D20: 10X | E20: PORTO | F20: 1243.9 | G20: 0.15 | H20: 171.65
A21: 43867 | B21: 44104 | C21: REDONDO TELECOMUNICAÇÕES LTDA | D21: 4X | E21: BRADESCO | F21: 314.25 | G21: 0.1 | H21: 28.91
A22: 43868 | B22: 44232 | C22: ADRINI CARLOS CORTEZ | D22: 2X | E22: AZUL | F22: 1132.38 | G22: 0.15 | H22: 156.26
A23: 43868 | B23: 44076 | C23: VIVIANE BOMFIM DOS SANTOS FERREIRA - ENDOSSO | D23: 4X | E23: AZUL | F23: 240.66 | G23: 0.15 | H23: 33.21 | I23: 16.6 | J23: VICTOR
A24: 43868 | B24: 44244 | C24: KENER MARCONDES | D24: 3X | E24: BRADESCO | F24: 3240.82 | G24: 0.1 | H24: 298.15
A25: 43868 | B25: 44234 | C25: DANIELLE SOARES BORGES DE MELLO | D25: 12X | E25: SUHAI | F25: 1634.12 | G25: 0.1 | H25: 150.33
A26: 43871 | B26: 44238 | C26: RAQUEL DOS SANTOS GONÇALVES CAVADAS | D26: 10X | E26: ALLIANZ | F26: 2075.64 | G26: 0.1 | H26: 190.95
A27: 43871 | B27: 44237 | C27: EDSON JUNIOR GALBREST | D27: 12X | E27: ALIRO | F27: 1806.12 | G27: 0.1 | H27: 166.16
A28: 43871 | B28: 44241 | C28: ELAINE CRISTINA DA SILVA ABREU | D28: 1X | E28: MITSUI | F28: 836.66 | G28: 0.1 | H28: 76.97
A29: 43872 | B29: 44238 | C29: EDUARDO MORAES DE MENEZES | D29: 12x | E29: TOKIO | F29: 4171.66 | G29: 0.1 | H29: 383.79
A30: 43873 | B30: 44239 | C30: NELSON VICENTE DE PAULA | D30: 10X | E30: BRADESCO | F30: 1149.45 | G30: 0.15 | H30: 158.62
A31: 43874 | B31: 44240 | C31: MARIA APARECIDA ALVES NOGUEIRA + CARTÃO | D31: 3X | E31: AZUL | F31: 1435.42 | G31: 0.2 | H31: 264.11
A32: 43874 | B32: 44244 | C32: CARLOS EDUARDO DA SILVA | D32: 10X | E32: AZUL | F32: 1517.54 | G32: 0.1 | H32: 139.61
A33: 43874 | B33: 44240 | C33: ARNALDO NOBRE DE LIMA | D33: 12X | E33: TOKIO | F33: 1473.6 | G33: 0.1 | H33: 135.37
A34: 43875 | B34: 44241 | C34: LUANA CARLA MARQUES | D34: 6X | E34: SOMPO | F34: 1263.31 | G34: 0.1 | H34: 116.22
A35: 43878 | B35: 44247 | C35: REGINALDO LOPES DE OLIVEIRA | D35: 10X | E35: AZUL | F35: 1584.97 | G35: 0.15 | H35: 218.72
... A38: 43879 | B38: 44245 | C38: JAIRO SILVA DOS ANGELOS + CARTAO | D38: 10X | E38: AZUL | F38: 1848.24 | G38: 0.1 | H38: 170.03
A39: 43880 | B39: 44245 | C39: RENATA CRISTINE GUAZZELLI | D39: 12X | E39: SUHAI | F39: 1869.37 | G39: 0.1 | H39: 171.98 | I39: 85.99 | J39: JUKINHA BALA
A40: 43882 | B40: 44248 | C40: JOSE LUIZ VIANA | D40: 6X | E40: TOKIO | F40: 3832.54 | G40: 0.2 | H40: 705.18
A41: 43882 | B41: 44249 | C41: ANGELA DOS SANTOS CARVALHO | D41: 6X | E41: TOKIO | F41: 1287.83 | G41: 0.1 | H41: 118.48
A42: 43882 | B42: 44249 | C42: ROBERTO DE MOURA ALVES | D42: 6X | E42: SULAMERICA | F42: 1146.05 | G42: 0.1 | H42: 105.43
A43: 43882 | B43: 44253 | C43: TITANLOG SERVICOS AUXILIARES TRANSPORTE LTDA | D43: 1X | E43: LIBERTY | F43: 622.35 | G43: 0.1 | H43: 57.25
A44: 43882 | B44: 44253 | C44: KARYN LAIS ALVES | D44: 1X | E44: AZUL | F44: 1529.23 | G44: 0.15 | H44: 211.03
A45: 43882 | B45: 44241 | C45: GERSON FONSECA MENDES | D45: 3X | E45: AZUL | F45: 1654.97 | G45: 0.1 | H45: 152.17
A46: 43887 | B46: 44253 | C46: WELLINGTON FERNANDES PEREIRA DOS SANTOS | D46: 10X | E46: AZUL | F46: 1455.05 | G46: 0.1 | H46: 133.86
A47: 43887 | B47: 44253 | C47: LEYDIANA NERES RODRIIGUES | D47: 6X | E47: ALLIANZ | F47: 4322.46 | G47: 0.1 | H47: 397.66
A48: 43887 | B48: 44253 | C48: JOSÉ AMARO BATISTA | D48: 4X | E48: AZUL | F48: 1683.31 | G48: 0.13 | H48: 201.32
A49: 43889 | B49: 44249 | C49: JOSE DERNIVAL SANTOS FILHO | D49: 10X | E49: AZUL | F49: 1424.65 | G49: 0.1 | H49: 131.06
A50: 43889 | B50: 44216 | C50: PATRICIA FRANULO VIEIRIA - ENDOSSO | D50: 1X | E50: PORTO | F50: 190.67 | G50: 0.25 | H50: 43.85
A51: 43889 | B51: 44255 | C51: FELIPE GENOVESI FERNANDES (RENATO) | D51: 12X | E51: TOKIO | F51: 3103.42 | G51: 0.1 | H51: 285.51
A52: 43889 | B52: 44255 | C52: EMERSON NOBREGA TORRES | D52: 12X | E52: SUHAI | F52: 1597.67 | G52: 0.1 | H52: 146.98
C56: RC CONVES
C58: Luana/rubian/estanislau/Andre/
F59: =SUM(F11:F58,F2:F9) -> 85512.1 | H59: =SUM(H2:H58) -> 9902.64

Sheet Março 2020
A1: DATA DA TRANS. | B1: VIGÊNCIA | C1: SEGURADO | D1: QNT. DE PARCELAS | E1: SEGURADORA | F1: PREMIO LIQUIDO | G1: % COMISSAO | H1: VALOR DA COMISSÃO | I1: REPASSE COMISSÃO | J1: CORRETOR
A2: 43888 | B2: 43891 | C2: LUCIANA ROCHA GARCIA PIERONI COUTINHO | D2: 1X | E2: HDI | F2: 1177.14 | G2: 0.1 | H2: 108.29
A3: 43889 | B3: 44257 | C3: NEIDE SUELY WETZKER | D3: 1X | E3: AZUL | F3: 1671.75 | G3: 0.1 | H3: 153.8
A4: 43892 | B4: 44259 | C4: FABIO LUIS DO CARMO | D4: 1X | E4: AZUL | F4: 1217.16 | G4: 0.1 | H4: 111.97
A5: 43892 | B5: 44261 | C5: VERA LUCIA MARQUES + CARTÃO | D5: 4X | E5: AZUL | F5: 1041.54 | G5: 0.2 | H5: 191.64
A6: 43892 | B6: 44222 | C6: CAMILA GUIMARAES ---ENDOSSO | D6: 6X | E6: AZUL | F6: 434.97 | G6: 0.1 | H6: 40.01
A7: 43893 | B7: 44257 | C7: FERNANDO FERRAZ DE MELO | D7: 4X | E7: SUL AMERICA | F7: 1567.48 | G7: 0.15 | H7: 216.31 | I7: 108.15 | J7: VINI CABEÇÃO
A8: 43895 | B8: 44259 | C8: MARCIO ROBERTO ALONSO | D8: 1X | E8: AZUL | F8: 1568.99 | G8: 0.1 | H8: 144.34 | J8: MARCELO ALMEIDA
A9: 43895 | B9: 44260 | C9: FRANCISCO ELEOTERIO CHAGAS JUNIOR --- | D9: 12X | E9: SUHAI | F9: 2851.42 | G9: 0.1 | H9: 262.33
A10: 43895 | B10: 43990 | C10: MARIA LUISA NONATO --- ENDOSSO | D10: 3X | E10: SUHAI | F10: 347.71 | G10: 0.1 | H10: 29.7
A11: 43896 | B11: 44263 | C11: JOSE AILTON PONTES DA SILVA | D11: 4X | E11: SOMPO | F11: 2337.48 | G11: 0.1 | H11: 215.04
A12: 43896 | B12: 44261 | C12: EDSON COSTA | D12: 1X | E12: BRADESCO | F12: 1071.77 | G12: 0.15 | H12: 147.9
A13: 43896 | B13: 44261 | C13: TRANS CONEXÃO SOLUCOES EM LOGISTICA | D13: 10X | E13: SUL AMERICA | F13: 4937.33 | G13: 0.1 | H13: 454.23
A14: 43896 | B14: 44261 | C14: EDSON BATISTA DE MORAES | D14: 6X | E14: AZUL | F14: 1133.42 | G14: 0.13 | H14: 104.27
A15: 43896 | B15: 44261 | C15: JOHHNY GUIMARAES BISPO DIAS | D15: 10X | E15: SUL AMERICA | F15: 1379.29 | G15: 0.1 | H15: 126.89
A16: 43896 | B16: 44263 | C16: WESLEY MENDES SANTIAGO DA CRUZ | D16: 10X | E16: SUL AMERICA | F16: 939.49 | G16: 0.2 | H16: 176.82
A17: 43896 | B17: 44263 | C17: MIRIAN RIBERIO + CARTÃO | D17: 10X | E17: PORTO | F17: 1813.2 | G17: 0.1 | H17: 166.81
A18: 43899 | B18: 44259 | C18: CAIO QUEIROZ MARTINSON DE ANDRADE + CARTÃO | D18: 10X | E18: AZUL | F18: 1757.09 | G18: 0.1 | H18: 161.65
A19: 43900 | B19: 44265 | C19: CARLOS ALBERTO PINTO | D19: 4X | E19: AZUL | F19: 1528.37 | G19: 0.1 | H19: 140.61
A20: 43900 | B20: 44266 | C20: GISELE DOS SANTOS | D20: 12X | E20: TOKIO | F20: 602.76 | G20: 0.2 | H20: 110.9
... A27: 43908 | B27: 44273 | C27: VALDECI NOBERTO DA SILVA + CARTÃO | D27: 10X | E27: AZUL | F27: 1579.95 | G27: 0.1 | H27: 145.35
A28: 43909 | B28: 44274 | C28: LUCAS DE MACEDO FERREIRA | D28: 12X | E28: ITURAN | F28: * | G28: * | H28: 300
A29: 43909 | B29: 44274 | C29: PAULO REMILTON PEREIRA DA FONSECA | D29: 1X | E29: PORTO | F29: 1251.93 | G29: 0.25 | H29: 287.95
A30: 44278 | B30: 44278 | C30: EDUARDO PASSITO GARCIA | D30: 12X | E30: TOKIO | F30: 1580.9 | G30: 0.1 | H30: 145.44 | I30: 72.72 | J30: VINI CABEÇÃO
A31: 43910 | B31: 44275 | C31: IGNACIO TOLOSA ITARRULDE NETO | D31: 4X | E31: AZUL | F31: 1286.35 | G31: 0.12 | H31: 142.01
A32: 43912 | B32: 44277 | C32: DENISSON TAVARES SANTOS | D32: 10X | E32: TOKIO | F32: 1538.07 | G32: 0.1 | H32: 141.57
A33: 43914 | B33: 44279 | C33: LUCAS DOS ANJOS GALBREST | D33: 12X | E33: TOKIO | F33: 2452.57 | G33: 0.1 | H33: 225.63
A34: 43913 | B34: 44284 | C34: RITA DE CASSIA MENDES | D34: 4X | E34: AZUL | F34: 830.9 | G34: 0.1 | H34: 81.96
A35: 43915 | B35: 44281 | C35: ALINE DA SILVA OLIVEIRA | D35: 12X | E35: TOKIO | F35: 1337.5 | G35: 0.1 | H35: 123.05
A36: 43915 | B36: 44284 | C36: EMERSON SOLTOSKI PINHEIRO | D36: 7X | E36: SUL AMERICA | F36: 1492.66 | G36: 0.1 | H36: 137.32
A37: 43915 | B37: 44282 | C37: JOSE MENDES MELCHIEDES XAVIER + CARTÃO | D37: 6X | E37: PORTO | F37: 2103.71 | G37: 0.1 | H37: 193.54 | J37: MARCELO ALMEIDA
C53: SIDIVANIA/daniel/ignacio
F54: =SUM(F2:F27,F29:F37) -> 65432.14 | H54: =SUM(H2:H53) -> 7006.17

Sheet ABRIL 2020
A1: DATA DA TRANS. | B1: VIGÊNCIA | C1: SEGURADO | D1: QNT. DE PARCELAS | E1: SEGURADORA | F1: PREMIO LIQUIDO | G1: % COMISSAO | H1: VALOR DA COMISSÃO | I1: REPASSE COMISSÃO | J1: CORRETOR
A2: 43922 | B2: 44287 | C2: VINICIUS ALEXANDRE PATROCINIO | D2: 10X | E2: AZUL | F2: 638.79 | G2: 0.1 | H2: 58.76
A3: 43923 | B3: 44295 | C3: SERGIO AUGUSTO PIRILLO + CARTÃO | D3: 10X | E3: PORTO | F3: 4049.29 | G3: 0.1 | H3: 372.53
A4: 43924 | B4: 44289 | C4: WAGNER MOURA DE SOUZA | D4: 12X | E4: SUHAI | F4: 824.08 | G4: 0.2 | H4: 151.63
A5: 43924 | B5: 43924 | C5: HUMBERTO MATIAS ALVES SILVA | D5: 8X | E5: SUL AMERICA | F5: 1348.49 | G5: 0.1 | H5: 124.06
A6: 43924 | B6: 44290 | C6: TRANS CONEXÃO SOLUCOES LOGISTICA LTDA | D6: 4x | E6: MAPFRE | F6: 2839.1 | G6: 0.1 | H6: 261.19
A7: 43924 | B7: 44289 | C7: RODRIGO CARRERAS DE OLIVEIRA MOTA + CARTÃO | D7: 10X | E7: AZUL | F7: 2072.97 | G7: 0.1 | H7: 190.71
A8: 43928 | B8: 44298 | C8: FRANCISCO ARMANDO PERES | D8: 4X | E8: TOKIO | F8: 1265.85 | G8: 0.15 | H8: 116.45
A9: 43928 | B9: 44293 | C9: RAFAEL SOUZA BRITO DOS SANTOS | D9: 10X | E9: AZUL | F9: 2036.86 | G9: 0.1 | H9: 187.39 | I9: 93.69 | J9: VINI CABEÇÃO
A10: 43929 | B10: 44294 | C10: HELIO MACIEL PEREIRA | D10: 4X | E10: TOKIO | F10: 1384.7 | G10: 0.14 | H10: 178.34 | I10: 89.17 | J10: VICTOR MALFOY
A11: 43929 | B11: 44295 | C11: DENISE FERREIRA NUNES | D11: 12X | E11: TOKIO | F11: 1903.41 | G11: 0.1 | H11: 175.11 | I11: 87.55 | J11: PATY
A12: 43930 | B12: 44295 | C12: PATRICIA MEDES DE SOUZA FARIAS | D12: 12X | E12: TOKIO | F12: 2667.3 | G12: 0.1 | H12: 245.39
A13: 43934 | B13: 44296 | C13: ARNALDO FRIAS FILHO | D13: 10X | E13: AZUL | F13: 1839.68 | G13: 0.1 | H13: 169.25
A14: 43934 | B14: 44300 | C14: CASSIA CRISTINA DE CARVALHO BRAZILINO | D14: 6X | E14: PORTO | F14: 930.85 | G14: 0.1 | H14: 85.63
A15: 43934 | B15: 44299 | C15: BRENDA JULIETE DE SOUZA | D15: 7X | E15: AZUL | F15: 1618.49 | G15: 0.1 | H15: 148.9
A16: 43934 | B16: 44306 | C16: ZÉLIA ROCHA EMPREENDIMENTOS IMOBILIARIOS | D16: 10X | E16: BRADESCO | F16: 4790.45 | G16: 0.1 | H16: 440.72
A17: 43934 | B17: 44299 | C17: MARIANA KAREM DE QUEIROZ | D17: 1X | E17: HDI | F17: 2685.3 | G17: 0.1 | H17: 247.04 | I17: 123.52 | J17: VICTOR MALFOY
A18: 43934 | B18: 44291 | C18: ANA CARLA ARAUJO DE SOUZA | D18: 6X | E18: AZUL | F18: 1282.58 | G18: 0.15 | H18: 176.99
A19: 43935 | B19: 43829 | C19: ANDRE AUGUSTO DE ROCHA --- | D19: 1X | E19: PORTO | F19: -995.81 | G19: 0.1 | H19: -91.61
A20: 43935 | B20: 44300 | C20: GABRIEL AURICHIO RODRIGUES | D20: 12X | E20: LIBERTY | F20: 2584.82 | G20: 0.1 | H20: 237.8
A21: 43937 | B21: 44302 | C21: TATIANE FERNANDES PERNA | D21: 1X | E21: ALLIANZ | F21: 1409.24 | G21: 0.1 | H21: 129.65
A22: 43937 | B22: 44302 | C22: MARCIA CRISTINA PERNA | D22: 1X | E22: ALIRO | F22: 564.83 | G22: 0.1 | H22: 51.96
A23: 43937 | B23: 44308 | C23: KARINA YUMI KATSUURA + CARTÃO | D23: 10X | E23: PORTO | F23: 1851.34 | G23: 0.1 | H23: 170.32
A24: 43938 | B24: 44304 | C24: SUPER TRUCK E CAR SERVICOS | D24: 4X | E24: AZUL | F24: 1302.48 | G24: 0.1 | H24: 119.82
A25: 43938 | B25: 44305 | C25: ANDREZA PATRICIA LOPES PONTES | D25: 12X | E25: TOKIO | F25: 3626.4 | G25: 0.1 | H25: 333.62
A26: 43938 | B26: 44310 | C26: ALVARO LUIZ MANCHON SARNES | D26: 5X | E26: TOKIO | F26: 1640.47 | G26: 0.18 | H26: 271.66
A27: 43941 | B27: 44305 | C27: GABRIELA GONCALVES BRITO | D27: 3X | E27: ITAU | F27: 1064.85 | G27: 0.25 | H27: 244.91
